record_id,title,doi,source_entry_count,stage2_logged_outcome,stage2_progression,stage3_evidence,stage3_logged_tags,stage3_logged_outcome,flow_disposition,stage4_original_decision,stage4_final_disposition,final_status,final_disposition_basis
P0001,“Reasoning before Responding”: Towards Legal Long-form Question Answering with Interpretability,10.1145/3627673.3680082,1,Not recorded,Reached full-text-stage record set,Stage log,Maybe-papers (Step 3)!row80: prior_R1=Include; prior_R2=Exclude; review1=Include; review2=Not recorded,Include,Reached Stage 4,Include,Include,Included,Recorded Stage-4 Include retained
P0002,A Mechanistic Understanding of Alignment Algorithms: A Case Study on DPO and Toxicity,,1,Not recorded,Reached full-text-stage record set,Stage log,Maybe-papers (Step 3)!row101: prior_R1=Maybe; prior_R2=Exclude; review1=Include; review2=Not recorded,Include,Reached Stage 4,Include,Include,Included,Recorded Stage-4 Include retained
P0003,Training Reliable Activation Probes With a Handful of Positive Examples,,1,Maybe,Reached full-text-stage record set,Stage log,Maybe-papers (Step 3)!row99: prior_R1=Include; prior_R2=Maybe; review1=Include; review2=Not recorded,Include,Reached Stage 4,Include,Include,Included,Recorded Stage-4 Include retained
P0004,An Interpretable SERS-AI Platform for Rapid and Quantitative Diagnosis of Polymicrobial UTIs: Powered by Positively Charged Plasmonic Nanoparticles and Attention-Based Deep Learning,10.1002/advs.202513502,1,Include,Reached full-text-stage record set,Stage log,Agreed-papers (Step  3)!row32: prior_R1=Include; prior_R2=Include; review1=Not recorded; review2=Not recorded,Include,Reached Stage 4,Include,Include,Included,Recorded Stage-4 Include retained
P0005,Application of AC-CNN Model and CAM Interpretability Method in EEG of Drug Abuser,10.1145/3632047.3632053,1,Not recorded,Reached full-text-stage record set,Stage log,Maybe-papers (Step 3)!row85: prior_R1=Include; prior_R2=Maybe; review1=Include; review2=Not recorded,Include,Reached Stage 4,Include,Exclude,Excluded at Stage 4,Author decision; historical Stage-4 Include superseded
P0006,Are LLMs Rational Investors? A Study on the Financial Bias in LLMs,,1,Include,Reached full-text-stage record set,Stage log,Agreed-papers (Step  3)!row21: prior_R1=Include; prior_R2=Include; review1=Not recorded; review2=Not recorded,Include,Reached Stage 4,Include,Include,Included,Recorded Stage-4 Include retained
P0007,Attention Heads of Large Language Models,10.1016/j.patter.2025.101176,1,Not recorded,Reached full-text-stage record set,Stage log,Maybe-papers (Step 3)!row110: prior_R1=Include; prior_R2=Maybe; review1=Include; review2=Not recorded,Include,Reached Stage 4,Include,Include,Included,Recorded Stage-4 Include retained
P0008,Benchmarking and Understanding Compositional Relational Reasoning of LLMs,,1,Include,Reached full-text-stage record set,Author-confirmed review,Not recorded,Not recorded,Reached Stage 4,Include,Include,Included,Recorded Stage-4 Include retained
P0009,Beyond Accuracy: Introducing a Symbolic-Mechanistic Approach to Interpretable Evaluation,,1,Include,Reached full-text-stage record set,Author-confirmed review,Not recorded,Not recorded,Reached Stage 4,Include,Include,Included,Recorded Stage-4 Include retained
P0010,"Beyond I’m Sorry, I Can’t: Dissecting Large-Language-Model Refusal",,1,Include,Reached full-text-stage record set,Author-confirmed review,Not recorded,Not recorded,Reached Stage 4,Include,Include,Included,Recorded Stage-4 Include retained
P0011,"Beyond Technocratic XAI: The Who, What & How in Explanation Design",10.1609/aies.v8i1.36586,1,Include,Reached full-text-stage record set,Author-confirmed review,Not recorded,Not recorded,Reached Stage 4,Include,Background only,Background only,Author decision; historical Stage-4 Include superseded
P0012,Bridging the Language Gap: Uncovering and Aligning Shared Circuits for Multi-Hop Reasoning in Multilingual LLMs,,1,Include,Reached full-text-stage record set,Author-confirmed review,Not recorded,Not recorded,Reached Stage 4,Include,Include,Included,Recorded Stage-4 Include retained
P0013,CogSteer: Cognition-Inspired Selective Layer Intervention for Efficiently Steering Large Language Models,,1,Include,Reached full-text-stage record set,Stage log,Agreed-papers (Step  3)!row31: prior_R1=Include; prior_R2=Include; review1=Not recorded; review2=Not recorded,Include,Reached Stage 4,Include,Include,Included,Recorded Stage-4 Include retained
P0014,ContextBench: Modifying Contexts for Targeted Latent Activation and Behaviour Elicitation,,1,Include,Reached full-text-stage record set,Stage log,Agreed-papers (Step  3)!row17: prior_R1=Include; prior_R2=Include; review1=Not recorded; review2=Not recorded,Include,Reached Stage 4,Include,Include,Included,Recorded Stage-4 Include retained
P0015,Cross-Architecture Model Diffing With Crosscoders: Unsupervised Discovery of Differences Between LLMs,,1,Maybe,Reached full-text-stage record set,Stage log,Maybe-papers (Step 3)!row98: prior_R1=Exclude; prior_R2=Maybe; review1=Include; review2=Not recorded,Include,Reached Stage 4,Include,Include,Included,Recorded Stage-4 Include retained
P0016,Diagrammatization and Abduction to Improve AI Interpretability With Domain-Aligned Explanations for Medical Diagnosis,10.1145/3706598.3714058,1,Not recorded,Reached full-text-stage record set,Stage log,Maybe-papers (Step 3)!row81: prior_R1=Include; prior_R2=Exclude; review1=Include; review2=Not recorded,Include,Reached Stage 4,Include,Include,Included,Recorded Stage-4 Include retained
P0017,Discovering Decoupled Functional Modules in Large Language Models,10.1609/aaai.v40i41.40749,1,Include,Reached full-text-stage record set,Author-confirmed review,Not recorded,Not recorded,Reached Stage 4,Include,Include,Included,Recorded Stage-4 Include retained
P0018,Disentangling Neuron Representations with Concept Vectors,10.1109/cvprw59228.2023.00390,1,Include,Reached full-text-stage record set,Stage log,Agreed-papers (Step  3)!row14: prior_R1=Include; prior_R2=Include; review1=Not recorded; review2=Not recorded | Maybe-papers (Step 3)!row116: prior_R1=Include; prior_R2=Include; review1=Include; review2=Not recorded,Include,Reached Stage 4,Include,Include,Included,Recorded Stage-4 Include retained
P0019,Dissecting and Mitigating Diffusion Bias via Mechanistic Interpretability,10.1109/cvpr52734.2025.00767,1,Not recorded,Reached full-text-stage record set,Stage log,Maybe-papers (Step 3)!row118: prior_R1=Maybe; prior_R2=Exclude; review1=Include; review2=Not recorded,Include,Reached Stage 4,Include,Include,Included,Recorded Stage-4 Include retained
P0020,Ensuring Medical AI Safety: Interpretability-Driven Detection and Mitigation of Spurious Model Behavior and Associated Data,10.1007/s10994-025-06834-w,1,Not recorded,Reached full-text-stage record set,Stage log,Maybe-papers (Step 3)!row123: prior_R1=Include; prior_R2=Not recorded; review1=Include; review2=Not recorded,Include,Reached Stage 4,Include,Include,Included,Recorded Stage-4 Include retained
P0021,Fine-Grained Interpretation of Political Opinions in Large Language Models,10.1609/aaai.v40i45.41199,1,Include,Reached full-text-stage record set,Author-confirmed review,Not recorded,Not recorded,Reached Stage 4,Include,Include,Included,Recorded Stage-4 Include retained
P0022,"From Mechanistic Interpretability to Mechanistic Biology: Training, Evaluating, and Interpreting Sparse Autoencoders on Protein Language Models",10.1101/2025.02.06.636901,2,Incomplete across source rows,Reached full-text-stage record set,Stage log,Agreed-papers (Step  3)!row20: prior_R1=Include; prior_R2=Include; review1=Not recorded; review2=Not recorded | Maybe-papers (Step 3)!row109: prior_R1=Include; prior_R2=Maybe; review1=Include; review2=Not recorded,Include,Reached Stage 4,Include,Include,Included,Recorded Stage-4 Include retained
P0023,Generative embedding for model-based classification of fMRI data,10.1371/journal.pcbi.1002079,1,Not recorded,Reached full-text-stage record set,Stage log,Maybe-papers (Step 3)!row113: prior_R1=Exclude; prior_R2=Include; review1=Include; review2=Not recorded,Include,Reached Stage 4,Include,Exclude,Excluded at Stage 4,Outside the 2020-2026 review window (2011); historical Stage-4 Include superseded
P0024,"Human Factors in Model Interpretability: Industry Practices, Challenges, and Needs",10.1145/3392878,2,Incomplete across source rows,Reached full-text-stage record set,Stage log,Maybe-papers (Step 3)!row89: prior_R1=Maybe; prior_R2=Maybe; review1=Include; review2=Not recorded,Include,Reached Stage 4,Include,Background only,Background only,Author decision; historical Stage-4 Include superseded
P0025,Human Guided Exploitation of Interpretable Attention Patterns in Summarization and Topic Segmentation,,1,Include,Reached full-text-stage record set,Stage log,Agreed-papers (Step  3)!row26: prior_R1=Include; prior_R2=Include; review1=Not recorded; review2=Not recorded,Include,Reached Stage 4,Include,Include,Included,Recorded Stage-4 Include retained
P0026,Integration of mechanistic immunological knowledge into a machine learning pipeline improves predictions,10.1038/s42256-020-00232-8,1,Not recorded,Reached full-text-stage record set,Stage log,Maybe-papers (Step 3)!row96: prior_R1=Exclude; prior_R2=Maybe; review1=Include; review2=Not recorded,Include,Reached Stage 4,Include,Background only,Background only,Author decision; historical Stage-4 Include superseded
P0027,Interpretability of Artificial Neural Network Models in Artificial Intelligence versus Neuroscience,10.1038/s42256-022-00592-3,1,Include,Reached full-text-stage record set,Stage log,Agreed-papers (Step  3)!row9: prior_R1=Include; prior_R2=Include; review1=Not recorded; review2=Not recorded | Maybe-papers (Step 3)!row92: prior_R1=Include; prior_R2=Include; review1=Include; review2=Not recorded,Include,Reached Stage 4,Include,Include,Included,Recorded Stage-4 Include retained
P0028,Interpreting Arithmetic Mechanism in Large Language Models through Comparative Neuron Analysis,,1,Not recorded,Reached full-text-stage record set,Stage log,Maybe-papers (Step 3)!row105: prior_R1=Exclude; prior_R2=Include; review1=Include; review2=Not recorded,Include,Reached Stage 4,Include,Include,Included,Recorded Stage-4 Include retained
P0029,Intrinsic User-Centric Interpretability through Global Mixture of Experts,,1,Not recorded,Reached full-text-stage record set,Stage log,Maybe-papers (Step 3)!row106: prior_R1=Maybe; prior_R2=Include; review1=Include; review2=Not recorded,Include,Reached Stage 4,Include,Include,Included,Recorded Stage-4 Include retained
P0030,M-AIDE: Mechanistic Agentic Interpretability for Decoding Empathy in Language Models,10.1109/ivcnz67716.2025.11281845,1,Not recorded,Reached full-text-stage record set,Stage log,Maybe-papers (Step 3)!row119: prior_R1=Not recorded; prior_R2=Include; review1=Include; review2=Not recorded,Include,Reached Stage 4,Include,Include,Included,Recorded Stage-4 Include retained
P0031,Mechanistic Interpretability of Emotion Inference in Large Language Models,,1,Include,Reached full-text-stage record set,Stage log,Agreed-papers (Step  3)!row22: prior_R1=Include; prior_R2=Include; review1=Not recorded; review2=Not recorded,Include,Reached Stage 4,Include,Include,Included,Recorded Stage-4 Include retained
P0032,Mechanistic Understanding and Validation of Large AI Models with SemanticLens,10.1038/s42256-025-01084-w,1,Not recorded,Reached full-text-stage record set,Stage log,Maybe-papers (Step 3)!row125: prior_R1=Include; prior_R2=Not recorded; review1=Include; review2=Not recorded,Include,Reached Stage 4,Include,Include,Included,Recorded Stage-4 Include retained
P0033,Model Learning with Personalized Interpretability Estimation (ML-PIE),10.1145/3449726.3463166,1,Not recorded,Reached full-text-stage record set,Stage log,Maybe-papers (Step 3)!row84: prior_R1=Include; prior_R2=Maybe; review1=Include; review2=Not recorded,Include,Reached Stage 4,Include,Include,Included,Recorded Stage-4 Include retained
P0034,Neurons to Words: A Novel Method for Automated Neural Network Interpretability and Alignment,,1,Include,Reached full-text-stage record set,Author-confirmed review,Not recorded,Not recorded,Reached Stage 4,Include,Include,Included,Recorded Stage-4 Include retained
P0035,On Behalf of the Stakeholders: Trends in NLP Model Interpretability in the Era of LLMs,,1,Include,Reached full-text-stage record set,Stage log,Agreed-papers (Step  3)!row23: prior_R1=Include; prior_R2=Include; review1=Not recorded; review2=Not recorded,Include,Reached Stage 4,Include,Background only,Background only,Author decision; historical Stage-4 Include superseded
P0036,On the risk of confusing interpretability with explicability,10.1007/s43681-021-00121-9,1,Not recorded,Reached full-text-stage record set,Stage log,Maybe-papers (Step 3)!row93: prior_R1=Maybe; prior_R2=Include; review1=Include; review2=Not recorded,Include,Reached Stage 4,Include,Background only,Background only,Author decision; historical Stage-4 Include superseded
P0037,Optimizing for Interpretability in Deep Neural Networks with Tree Regularization,10.1613/jair.1.12558,1,Not recorded,Reached full-text-stage record set,Stage log,Maybe-papers (Step 3)!row86: prior_R1=Exclude; prior_R2=Maybe; review1=Include; review2=Not recorded,Include,Reached Stage 4,Include,Exclude,Excluded at Stage 4,Author decision; historical Stage-4 Include superseded
P0038,PRAGWORLD: A Benchmark Evaluating LLMs’ Local World Model Under Minimal Linguistic Alterations and Conversational Dynamics,10.1609/aaai.v40i39.40618,1,Include,Reached full-text-stage record set,Author-confirmed review,Not recorded,Not recorded,Reached Stage 4,Include,Include,Included,Recorded Stage-4 Include retained
P0039,Polarity-Aware Probing for Quantifying Latent Alignment in Language Models,10.1609/aaai.v40i44.41126,1,Include,Reached full-text-stage record set,Author-confirmed review,Not recorded,Not recorded,Reached Stage 4,Include,Include,Included,Recorded Stage-4 Include retained
P0040,ProtSAE: Disentangling and Interpreting Protein Language Models via Semantically-Guided Sparse Autoencoders,,1,Include,Reached full-text-stage record set,Author-confirmed review,Not recorded,Not recorded,Reached Stage 4,Include,Include,Included,Recorded Stage-4 Include retained
P0041,Representation Learning for Improved Interpretability and Classification Accuracy of Clinical Factors from EEG,,1,Not recorded,Reached full-text-stage record set,Stage log,Maybe-papers (Step 3)!row108: prior_R1=Exclude; prior_R2=Include; review1=Include; review2=Not recorded,Include,Reached Stage 4,Include,Include,Included,Recorded Stage-4 Include retained
P0042,Route Sparse Autoencoder to Interpret Large Language Models,,1,Include,Reached full-text-stage record set,Stage log,Agreed-papers (Step  3)!row24: prior_R1=Include; prior_R2=Include; review1=Not recorded; review2=Not recorded,Include,Reached Stage 4,Include,Include,Included,Recorded Stage-4 Include retained
P0043,SCoUT: A Framework for Structured Stereotype Analysis in Language Models,10.1609/aaai.v40i32.39905,1,Include,Reached full-text-stage record set,Author-confirmed review,Not recorded,Not recorded,Reached Stage 4,Include,Include,Included,Recorded Stage-4 Include retained
P0044,SHARP: Unlocking Interactive Hallucination via Stance Transfer in Role-Playing LLMs,,1,Include,Reached full-text-stage record set,Stage log,Agreed-papers (Step  3)!row30: prior_R1=Include; prior_R2=Include; review1=Not recorded; review2=Not recorded,Include,Reached Stage 4,Include,Include,Included,Recorded Stage-4 Include retained
P0045,Securing Local LLMs for Academic Research: A Human-System Integration Analysis and Evolution of TAUCHI-GPT,10.1007/s42454-025-00085-9,1,Include,Reached full-text-stage record set,Stage log,Agreed-papers (Step  3)!row12: prior_R1=Include; prior_R2=Include; review1=Not recorded; review2=Not recorded,Include,Reached Stage 4,Include,Include,Included,Recorded Stage-4 Include retained
P0046,Seeing Is Believing: Brain-Inspired Modular Training for Mechanistic Interpretability,10.3390/e26010041,1,Include,Reached full-text-stage record set,Stage log,Agreed-papers (Step  3)!row35: prior_R1=Include; prior_R2=Include; review1=Not recorded; review2=Not recorded,Include,Reached Stage 4,Include,Include,Included,Recorded Stage-4 Include retained
P0047,The Reasoning-Memorization Interplay in Language Models Is Mediated by a Single Direction,,1,Include,Reached full-text-stage record set,Stage log,Agreed-papers (Step  3)!row25: prior_R1=Include; prior_R2=Include; review1=Not recorded; review2=Not recorded,Include,Reached Stage 4,Include,Include,Included,Recorded Stage-4 Include retained
P0048,The Curious Case of Analogies: Investigating Analogical Reasoning in Large Language Models,10.1609/aaai.v40i37.40414,1,Include,Reached full-text-stage record set,Author-confirmed review,Not recorded,Not recorded,Reached Stage 4,Include,Include,Included,Recorded Stage-4 Include retained
P0049,The Other Mind: How Language Models Exhibit Human Temporal Cognition,10.1609/aaai.v40i42.40871,1,Include,Reached full-text-stage record set,Author-confirmed review,Not recorded,Not recorded,Reached Stage 4,Include,Include,Included,Recorded Stage-4 Include retained
P0050,Towards Quantifying Commonsense Reasoning with Mechanistic Insights,,1,Include,Reached full-text-stage record set,Stage log,Agreed-papers (Step  3)!row27: prior_R1=Include; prior_R2=Include; review1=Not recorded; review2=Not recorded,Include,Reached Stage 4,Include,Include,Included,Recorded Stage-4 Include retained
P0051,Understanding the Cognitive Influences of Interpretability Features on How Users Scrutinize Machine-Predicted Categories,10.1145/3576840.3578315,1,Include,Reached full-text-stage record set,Stage log,Agreed-papers (Step  3)!row6: prior_R1=Include; prior_R2=Include; review1=Not recorded; review2=Not recorded,Include,Reached Stage 4,Include,Background only,Background only,Author decision; historical Stage-4 Include superseded
P0052,Unintended Misalignment from Agentic Fine-Tuning: Risks and Mitigation,10.1609/aaai.v40i44.41077,1,Include,Reached full-text-stage record set,Author-confirmed review,Not recorded,Not recorded,Reached Stage 4,Include,Include,Included,Recorded Stage-4 Include retained
P0053,Unveiling Language Competence Neurons: A Psycholinguistic Approach to Model Interpretability,,1,Include,Reached full-text-stage record set,Stage log,Agreed-papers (Step  3)!row28: prior_R1=Include; prior_R2=Include; review1=Not recorded; review2=Not recorded,Include,Reached Stage 4,Include,Include,Included,Recorded Stage-4 Include retained
P0054,What Needs to Go Right for an Induction Head? A Mechanistic Study of In-Context Learning Circuits and Their Formation,,1,Not recorded,Reached full-text-stage record set,Stage log,Maybe-papers (Step 3)!row102: prior_R1=Include; prior_R2=Exclude; review1=Include; review2=Not recorded,Include,Reached Stage 4,Include,Include,Included,Recorded Stage-4 Include retained
P0055,Why Learning Requires Feeling,10.1609/aaaiss.v8i1.42547,1,Include,Reached full-text-stage record set,Author-confirmed review,Not recorded,Not recorded,Reached Stage 4,Include,Include,Included,Recorded Stage-4 Include retained
P0056,A Framework for Interpretability in Machine Learning for Medical Imaging,,1,Not recorded,Reached full-text-stage record set,Stage log,Maybe-papers (Step 3)!row77: prior_R1=Include; prior_R2=Exclude; review1=Include; review2=Not recorded,Include,Reached Stage 4,Exclude,Exclude,Excluded at Stage 4,Recorded Stage-4 Exclude retained
P0057,A Toy Model of Universality: Reverse Engineering how Networks Learn Group Operations,,1,Not recorded,Reached full-text-stage record set,Stage log,Maybe-papers (Step 3)!row103: prior_R1=Maybe; prior_R2=Exclude; review1=Include; review2=Not recorded,Include,Reached Stage 4,Exclude,Exclude,Excluded at Stage 4,Recorded Stage-4 Exclude retained
P0058,Adaptive Transformer Programs: Bridging the Gap Between Performance and Interpretability in Transformers,,1,Not recorded,Reached full-text-stage record set,Stage log,Maybe-papers (Step 3)!row157: prior_R1=Maybe; prior_R2=Include; review1=Include; review2=Not recorded,Include,Reached Stage 4,Exclude,Exclude,Excluded at Stage 4,Recorded Stage-4 Exclude retained
P0059,"Alexa, in you, I trust! Fairness and Interpretability Issues in E-commerce Search through Smart Speakers",10.1145/3485447.3512265,2,Not recorded,Reached full-text-stage record set,Stage log,Maybe-papers (Step 3)!row90: prior_R1=Include; prior_R2=Maybe; review1=Include; review2=Not recorded,Include,Reached Stage 4,Exclude,Exclude,Excluded at Stage 4,Recorded Stage-4 Exclude retained
P0060,Assessing Effectiveness and Interpretability of Light Behaviors in Smart Speakers,10.1145/3469595.3469610,1,Not recorded,Reached full-text-stage record set,Stage log,Maybe-papers (Step 3)!row88: prior_R1=Include; prior_R2=Exclude; review1=Include; review2=Not recorded,Include,Reached Stage 4,Exclude,Exclude,Excluded at Stage 4,Recorded Stage-4 Exclude retained
P0061,Behavioral Systems Require Behavioral Tests,,1,Not recorded,Reached full-text-stage record set,Stage log,Agreed-papers (Step  3)!row36: prior_R1=Include; prior_R2=Include; review1=Not recorded; review2=Not recorded,Include,Reached Stage 4,Exclude,Exclude,Excluded at Stage 4,Recorded Stage-4 Exclude retained
P0062,Common Pitfalls When Explaining AI and Why Mechanistic Explanation Is a Hard Problem,10.1007/978-981-16-2377-6_38,1,Maybe,Reached full-text-stage record set,Stage log,Maybe-papers (Step 3)!row95: prior_R1=Maybe; prior_R2=Maybe; review1=Include; review2=Not recorded,Include,Reached Stage 4,Exclude,Exclude,Excluded at Stage 4,Recorded Stage-4 Exclude retained
P0063,Decoding Vision Transformers: The Diffusion Steering Lens,10.1109/cvprw67362.2025.00470,1,Not recorded,Reached full-text-stage record set,Stage log,Maybe-papers (Step 3)!row117: prior_R1=Include; prior_R2=Exclude; review1=Include; review2=Not recorded,Include,Reached Stage 4,Exclude,Exclude,Excluded at Stage 4,Recorded Stage-4 Exclude retained
P0064,Drug repurposing through pathway perturbation dynamics: A systems biology approach for precision oncology,10.1016/j.cmpb.2025.109177,1,Not recorded,Reached full-text-stage record set,Stage log,Maybe-papers (Step 3)!row114: prior_R1=Exclude; prior_R2=Include; review1=Include; review2=Not recorded,Include,Reached Stage 4,Exclude,Exclude,Excluded at Stage 4,Recorded Stage-4 Exclude retained
P0065,Dual Mechanisms of Value Expression: Decomposing Intrinsic and Prompted Values in Language Models,,1,Include,Reached full-text-stage record set,Stage log,Agreed-papers (Step  3)!row16: prior_R1=Include; prior_R2=Include; review1=Not recorded; review2=Not recorded,Include,Reached Stage 4,Exclude,Exclude,Excluded at Stage 4,Recorded Stage-4 Exclude retained
P0066,Dyslexify: A Mechanistic Defense Against Typographic Attacks in CLIP,,1,Include,Reached full-text-stage record set,Stage log,Agreed-papers (Step  3)!row15: prior_R1=Include; prior_R2=Include; review1=Not recorded; review2=Not recorded,Include,Reached Stage 4,Exclude,Exclude,Excluded at Stage 4,Recorded Stage-4 Exclude retained
P0067,Evaluating Sparse Autoencoders for Controlling Open-Ended Text Generation,,1,Include,Reached full-text-stage record set,Stage log,Agreed-papers (Step  3)!row18: prior_R1=Include; prior_R2=Include; review1=Not recorded; review2=Not recorded,Include,Reached Stage 4,Exclude,Exclude,Excluded at Stage 4,Recorded Stage-4 Exclude retained
P0068,Evaluating the Interpretability of Generative Models by Interactive Reconstruction,10.1145/3411764.3445296,1,Include,Reached full-text-stage record set,Stage log,Agreed-papers (Step  3)!row3: prior_R1=Include; prior_R2=Include; review1=Not recorded; review2=Not recorded,Include,Reached Stage 4,Exclude,Exclude,Excluded at Stage 4,Recorded Stage-4 Exclude retained
P0069,Evaluating the Interpretability of Threshold Operators,10.1007/978-3-031-17105-5_10,1,Include,Reached full-text-stage record set,Stage log,Agreed-papers (Step  3)!row10: prior_R1=Include; prior_R2=Include; review1=Not recorded; review2=Not recorded,Include,Reached Stage 4,Exclude,Exclude,Excluded at Stage 4,Recorded Stage-4 Exclude retained
P0070,Explainable AI-Driven Causal Analysis and Interpretability in Environmental Sustainability and Energy Security: A UK Case Study,10.1145/3700706.3700731,1,Include,Reached full-text-stage record set,Stage log,Agreed-papers (Step  3)!row2: prior_R1=Include; prior_R2=Include; review1=Not recorded; review2=Not recorded,Include,Reached Stage 4,Exclude,Exclude,Excluded at Stage 4,Recorded Stage-4 Exclude retained
P0071,Explanation Strategies as an Empirical-Analytical Lens for Socio-Technical Contextualization of Machine Learning Interpretability,10.1145/3492858,2,Conflicting decisions,Reached full-text-stage record set,Stage log,Agreed-papers (Step  3)!row7: prior_R1=Include; prior_R2=Include; review1=Not recorded; review2=Not recorded | Maybe-papers (Step 3)!row5: prior_R1=Exclude; prior_R2=Maybe; review1=Exclude; review2=Not recorded,Conflicting decisions,Reached Stage 4,Exclude,Exclude,Excluded at Stage 4,Recorded Stage-4 Exclude retained
P0072,"Exploring Mechanistic Interpretability in Large Language Models: Challenges, Approaches, and Insights",,2,Not recorded,Reached full-text-stage record set,Stage log,Maybe-papers (Step 3)!row74: prior_R1=Include; prior_R2=Include; review1=Include; review2=Not recorded,Include,Reached Stage 4,Exclude,Exclude,Excluded at Stage 4,Recorded Stage-4 Exclude retained
P0073,Eye into AI: Evaluating the Interpretability of Explainable AI Techniques through a Game with a Purpose,10.1145/3610064,2,Not recorded,Reached full-text-stage record set,Stage log,Maybe-papers (Step 3)!row38: prior_R1=Exclude; prior_R2=Exclude; review1=Exclude; review2=Not recorded | Maybe-papers (Step 3)!row87: prior_R1=Include; prior_R2=Maybe; review1=Include; review2=Not recorded,Conflicting decisions,Reached Stage 4,Exclude,Exclude,Excluded at Stage 4,Recorded Stage-4 Exclude retained
P0074,From Networks to Circuits: A Structured Approach to AI Interpretability,10.1007/978-3-032-10209-6_26,1,Not recorded,Reached full-text-stage record set,Stage log,Maybe-papers (Step 3)!row121: prior_R1=Not recorded; prior_R2=Exclude; review1=Include; review2=Not recorded | Maybe-papers (Step 3)!row122: prior_R1=Not recorded; prior_R2=Exclude; review1=Include; review2=Not recorded,Include,Reached Stage 4,Exclude,Exclude,Excluded at Stage 4,Recorded Stage-4 Exclude retained
P0075,Hierarchical Mechanistic Modeling of Complex Toxicity Endpoints from Public Concentration-Response Data,10.1021/acs.est.5c09326,1,Include,Reached full-text-stage record set,Stage log,Agreed-papers (Step  3)!row34: prior_R1=Include; prior_R2=Include; review1=Not recorded; review2=Not recorded,Include,Reached Stage 4,Exclude,Exclude,Excluded at Stage 4,Recorded Stage-4 Exclude retained
P0076,Hippolyta: a framework to enhance open data interpretability and empower citizens,10.1145/3598469.3598559,1,Not recorded,Reached full-text-stage record set,Stage log,Maybe-papers (Step 3)!row82: prior_R1=Include; prior_R2=Exclude; review1=Include; review2=Not recorded,Include,Reached Stage 4,Exclude,Exclude,Excluded at Stage 4,Recorded Stage-4 Exclude retained
P0077,Human interpretable structure-property relationships in chemistry using explainable machine learning and large language models,10.1038/s42004-024-01393-y,1,Not recorded,Reached full-text-stage record set,Stage log,Maybe-papers (Step 3)!row97: prior_R1=Include; prior_R2=Maybe; review1=Include; review2=Not recorded,Include,Reached Stage 4,Exclude,Exclude,Excluded at Stage 4,Recorded Stage-4 Exclude retained
P0078,HyperACP: A cutting-edge hybrid framework for anticancer peptide classification via scalable feature extraction and adaptive neighbor-based synthesis,10.1371/journal.pcbi.1013489,1,Include,Reached full-text-stage record set,Stage log,Agreed-papers (Step  3)!row33: prior_R1=Include; prior_R2=Include; review1=Not recorded; review2=Not recorded,Include,Reached Stage 4,Exclude,Exclude,Excluded at Stage 4,Recorded Stage-4 Exclude retained
P0079,"Interpretability, Then What? Editing Machine Learning Models to Reflect Human Knowledge and Values",10.1145/3534678.3539074,2,Incomplete across source rows,Reached full-text-stage record set,Stage log,Agreed-papers (Step  3)!row5: prior_R1=Include; prior_R2=Include; review1=Not recorded; review2=Not recorded | Maybe-papers (Step 3)!row6: prior_R1=Exclude; prior_R2=Exclude; review1=Exclude; review2=Not recorded,Conflicting decisions,Reached Stage 4,Exclude,Exclude,Excluded at Stage 4,Recorded Stage-4 Exclude retained
P0080,LLMs are Biased Evaluators But Not Biased for Fact-Centric Retrieval Augmented Generation,,1,Include,Reached full-text-stage record set,Stage log,Agreed-papers (Step  3)!row29: prior_R1=Include; prior_R2=Include; review1=Not recorded; review2=Not recorded,Include,Reached Stage 4,Exclude,Exclude,Excluded at Stage 4,Recorded Stage-4 Exclude retained
P0081,MIB: A Mechanistic Interpretability Benchmark,,1,Not recorded,Reached full-text-stage record set,Stage log,Maybe-papers (Step 3)!row100: prior_R1=Maybe; prior_R2=Include; review1=Include; review2=Not recorded,Include,Reached Stage 4,Exclude,Exclude,Excluded at Stage 4,Recorded Stage-4 Exclude retained
P0082,MechIR: A Mechanistic Interpretability Framework for Information Retrieval,10.1007/978-3-031-88720-8_16,2,Incomplete across source rows,Reached full-text-stage record set,Stage log,Maybe-papers (Step 3)!row91: prior_R1=Maybe; prior_R2=Maybe; review1=Include; review2=Not recorded | Maybe-papers (Step 3)!row120: prior_R1=Not recorded; prior_R2=Not recorded; review1=Include; review2=Not recorded,Include,Reached Stage 4,Exclude,Exclude,Excluded at Stage 4,Recorded Stage-4 Exclude retained
P0084,Mechanistic Interpretability of ReLU Neural Networks Through Piecewise-Affine Mapping,10.1007/s10994-025-06957-0,1,Include,Reached full-text-stage record set,Stage log,Agreed-papers (Step  3)!row11: prior_R1=Include; prior_R2=Include; review1=Not recorded; review2=Not recorded,Include,Reached Stage 4,Exclude,Exclude,Excluded at Stage 4,Recorded Stage-4 Exclude retained
P0085,Mechanistic interpretability of large language models with applications to the financial services industry,10.1145/3677052.3698612,2,Not recorded,Reached full-text-stage record set,Stage log,Maybe-papers (Step 3)!row76: prior_R1=Include; prior_R2=Include; review1=Include; review2=Not recorded | Maybe-papers (Step 3)!row78: prior_R1=Include; prior_R2=Exclude; review1=Include; review2=Not recorded,Include,Reached Stage 4,Exclude,Exclude,Excluded at Stage 4,Recorded Stage-4 Exclude retained
P0086,Mechanistic?,,1,Not recorded,Reached full-text-stage record set,Stage log,Maybe-papers (Step 3)!row75: prior_R1=Include; prior_R2=Include; review1=Include; review2=Not recorded,Include,Reached Stage 4,Exclude,Exclude,Excluded at Stage 4,Recorded Stage-4 Exclude retained
P0087,Model-agnostic vs. Model-intrinsic Interpretability for Explainable Product Search,10.1145/3459637.3482276,1,Include,Reached full-text-stage record set,Stage log,Agreed-papers (Step  3)!row4: prior_R1=Include; prior_R2=Include; review1=Not recorded; review2=Not recorded,Include,Reached Stage 4,Exclude,Exclude,Excluded at Stage 4,Recorded Stage-4 Exclude retained
P0088,Multivariate Classification of Major Depressive Disorder Using the Effective Connectivity and Functional Connectivity,10.3389/fnins.2018.00038,1,Not recorded,Reached full-text-stage record set,Stage log,Maybe-papers (Step 3)!row112: prior_R1=Exclude; prior_R2=Include; review1=Include; review2=Not recorded,Include,Reached Stage 4,Exclude,Exclude,Excluded at Stage 4,Recorded Stage-4 Exclude retained
P0089,PRIME: Prioritizing Interpretability in Failure Mode Extraction,,1,Not recorded,Reached full-text-stage record set,Stage log,Maybe-papers (Step 3)!row107: prior_R1=Include; prior_R2=Maybe; review1=Include; review2=Not recorded,Include,Reached Stage 4,Exclude,Exclude,Excluded at Stage 4,Recorded Stage-4 Exclude retained
P0090,Probing Ranking LLMs: A Mechanistic Analysis for Information Retrieval,10.1145/3731120.3744603,2,Not recorded,Reached full-text-stage record set,Stage log,Maybe-papers (Step 3)!row79: prior_R1=Maybe; prior_R2=Include; review1=Include; review2=Not recorded,Include,Reached Stage 4,Exclude,Exclude,Excluded at Stage 4,Recorded Stage-4 Exclude retained
P0091,Responsibility Attribution for AI-Mediated Damages with Mechanistic Interpretability,10.1007/978-3-032-01377-4_10,1,Include,Reached full-text-stage record set,Stage log,Agreed-papers (Step  3)!row8: prior_R1=Include; prior_R2=Include; review1=Not recorded; review2=Not recorded,Include,Reached Stage 4,Exclude,Exclude,Excluded at Stage 4,Recorded Stage-4 Exclude retained
P0092,Scaling Sparse Feature Circuits For Studying In-Context Learning,,1,Not recorded,Reached full-text-stage record set,Stage log,Maybe-papers (Step 3)!row104: prior_R1=Include; prior_R2=Exclude; review1=Include; review2=Not recorded,Include,Reached Stage 4,Exclude,Exclude,Excluded at Stage 4,Recorded Stage-4 Exclude retained
P0093,Sensible AI: Re-imagining Interpretability and Explainability using Sensemaking Theory,10.1145/3531146.3533135,1,Not recorded,Reached full-text-stage record set,Stage log,Maybe-papers (Step 3)!row83: prior_R1=Maybe; prior_R2=Include; review1=Include; review2=Not recorded,Include,Reached Stage 4,Exclude,Exclude,Excluded at Stage 4,Recorded Stage-4 Exclude retained
P0094,The Geometry of Concepts: Sparse Autoencoder Feature Structure,10.3390/e27040344,1,Not recorded,Reached full-text-stage record set,Stage log,Maybe-papers (Step 3)!row111: prior_R1=Include; prior_R2=Maybe; review1=Include; review2=Not recorded,Include,Reached Stage 4,Exclude,Exclude,Excluded at Stage 4,Recorded Stage-4 Exclude retained
P0095,The dawn of a new era: can machine learning and large language models reshape QSP modeling?,10.1007/s10928-025-09984-5,1,Include,Reached full-text-stage record set,Stage log,Agreed-papers (Step  3)!row13: prior_R1=Include; prior_R2=Include; review1=Not recorded; review2=Not recorded,Include,Reached Stage 4,Exclude,Exclude,Excluded at Stage 4,Recorded Stage-4 Exclude retained
P0096,"Thinking Hard, Going Misaligned: Emergent Misalignment in LLMs",,1,Include,Reached full-text-stage record set,Stage log,Agreed-papers (Step  3)!row19: prior_R1=Include; prior_R2=Include; review1=Not recorded; review2=Not recorded,Include,Reached Stage 4,Exclude,Exclude,Excluded at Stage 4,Recorded Stage-4 Exclude retained
P0097,Understanding Training Behaviour during Transfer Learning by drawing parallels to Grokking,,1,Not recorded,Reached full-text-stage record set,Stage log,Maybe-papers (Step 3)!row115: prior_R1=Not recorded; prior_R2=Exclude; review1=Include; review2=Not recorded,Include,Reached Stage 4,Exclude,Exclude,Excluded at Stage 4,Recorded Stage-4 Exclude retained
P0098,Visual interpretability of image-based classification models by generative latent space disentanglement applied to in vitro fertilization,10.1038/s41467-024-51136-9,1,Not recorded,Reached full-text-stage record set,Stage log,Maybe-papers (Step 3)!row124: prior_R1=Include; prior_R2=Not recorded; review1=Include; review2=Not recorded,Include,Reached Stage 4,Exclude,Exclude,Excluded at Stage 4,Recorded Stage-4 Exclude retained
P0099,What is Interpretability?,10.1007/s13347-020-00435-2,1,Maybe,Reached full-text-stage record set,Stage log,Maybe-papers (Step 3)!row94: prior_R1=Maybe; prior_R2=Maybe; review1=Include; review2=Not recorded,Include,Reached Stage 4,Exclude,Exclude,Excluded at Stage 4,Recorded Stage-4 Exclude retained
P0100,"""Is your explanation stable?"": A Robustness Evaluation Framework for Feature Attributionec",10.1145/3548606.3559392,1,Not recorded,Reached full-text-stage record set,Stage log,Maybe-papers (Step 3)!row36: prior_R1=Exclude; prior_R2=Maybe; review1=Exclude; review2=Not recorded,Exclude,Excluded at full text,No stage record,No stage record,Excluded at full text,Recorded full-text Exclude
P0102,A Learnable and Mechanistic Framework for Long-Term Time Series Forecasting,10.1007/978-981-96-2200-9_31,1,Not recorded,Reached full-text-stage record set,Stage log,Maybe-papers (Step 3)!row69: prior_R1=Not recorded; prior_R2=Not recorded; review1=Exclude; review2=Not recorded,Exclude,Excluded at full text,No stage record,No stage record,Excluded at full text,Recorded full-text Exclude
P0103,A Novel Hybrid Framework for Precise Electric Energy Consumption Prediction in Steel Production via Electric Arc Furnace: Coupling Mechanistic Models with Advanced Data-Driven Algorithms,10.1007/s11663-025-03807-1,1,Not recorded,Reached full-text-stage record set,Stage log,Maybe-papers (Step 3)!row73: prior_R1=Maybe; prior_R2=Exclude; review1=Exclude; review2=Not recorded,Exclude,Excluded at full text,No stage record,No stage record,Excluded at full text,Recorded full-text Exclude
P0104,A Survey on Sparse Autoencoders: Interpreting the Internal Mechanisms of Large Language Models,,1,Not recorded,Reached full-text-stage record set,Stage log,Maybe-papers (Step 3)!row156: prior_R1=Exclude; prior_R2=Exclude; review1=Not recorded; review2=Not recorded,Not recorded,Transition not completed,No stage record,No stage record,Not included; closure not recorded,No completed later-stage disposition recorded
P0105,A comprehensive explainable AI approach for enhancing transparency and interpretability in stroke prediction,10.1038/s41598-025-11263-9,1,Not recorded,Reached full-text-stage record set,Stage log,Maybe-papers (Step 3)!row68: prior_R1=Include; prior_R2=Not recorded; review1=Exclude; review2=Not recorded,Exclude,Excluded at full text,No stage record,No stage record,Excluded at full text,Recorded full-text Exclude
P0106,A framework based on mechanistic modelling and machine learning for soil moisture estimation,10.1007/s44378-025-00086-9,1,Not recorded,Reached full-text-stage record set,Stage log,Maybe-papers (Step 3)!row172: prior_R1=Maybe; prior_R2=Exclude; review1=Exclude; review2=Not recorded,Exclude,Excluded at full text,No stage record,No stage record,Excluded at full text,Recorded full-text Exclude
P0107,A novel approach for predicting aflatoxin B(1) production using regression models and whole-cell biosensors in moldy maize and peanut kernels,10.1016/j.jhazmat.2025.139883,1,Not recorded,Reached full-text-stage record set,Stage log,Maybe-papers (Step 3)!row52: prior_R1=Exclude; prior_R2=Include; review1=Exclude; review2=Not recorded,Exclude,Excluded at full text,No stage record,No stage record,Excluded at full text,Recorded full-text Exclude
P0108,AIM: an accurate and explainable model for ATAC to GEX translation and pathway analysis,10.1007/s12293-025-00442-w,1,Not recorded,Reached full-text-stage record set,Stage log,Maybe-papers (Step 3)!row39: prior_R1=Exclude; prior_R2=Include; review1=Exclude; review2=Not recorded,Exclude,Excluded at full text,No stage record,No stage record,Excluded at full text,Recorded full-text Exclude
P0109,Abstraction Alignment: Comparing Model-Learned and Human-Encoded Conceptual Relationships,10.1145/3706598.3713406,1,Not recorded,Reached full-text-stage record set,Stage log,Maybe-papers (Step 3)!row34: prior_R1=Exclude; prior_R2=Include; review1=Exclude; review2=Not recorded,Exclude,Excluded at full text,No stage record,No stage record,Excluded at full text,Recorded full-text Exclude
P0110,Advances in nano-chitosan adsorbents and mechanistic insights for dyes and heavy metals removal in wastewater: a systematic and bibliometric review,10.1007/s11051-025-06470-4,1,Exclude,Reached full-text-stage record set,Stage log,Maybe-papers (Step 3)!row177: prior_R1=Exclude; prior_R2=Exclude; review1=Not recorded; review2=Not recorded,Not recorded,Transition not completed,No stage record,No stage record,Not included; closure not recorded,No completed later-stage disposition recorded
P0111,Advancing cancer drug development with mechanistic mathematical modeling: bridging the gap between theory and practice,10.1007/s10928-024-09930-x,1,Not recorded,Reached full-text-stage record set,Stage log,Maybe-papers (Step 3)!row141: prior_R1=Maybe; prior_R2=Exclude; review1=Exclude; review2=Not recorded,Exclude,Excluded at full text,No stage record,No stage record,Excluded at full text,Recorded full-text Exclude
P0112,Aggregating Structural Features for Computational Analysis of Mutations in BRCT Domains of BRCA1 Protein,10.1109/icimcis60089.2023.10349062,1,Not recorded,Reached full-text-stage record set,Stage log,Maybe-papers (Step 3)!row57: prior_R1=Not recorded; prior_R2=Maybe; review1=Exclude; review2=Not recorded,Exclude,Excluded at full text,No stage record,No stage record,Excluded at full text,Recorded full-text Exclude
P0113,An Advanced Pore Flow Model for Uncoding Micropollutant Transport in Nanofiltration Membranes,10.1021/acs.est.5c13338,1,Not recorded,Reached full-text-stage record set,Stage log,Maybe-papers (Step 3)!row163: prior_R1=Exclude; prior_R2=Maybe; review1=Exclude; review2=Not recorded,Exclude,Excluded at full text,No stage record,No stage record,Excluded at full text,Recorded full-text Exclude
P0114,Approaching the cognitive horizon: recognizing the limits of human comprehension in advanced AI systems,10.1007/s43681-025-00846-x,1,Not recorded,Reached full-text-stage record set,Stage log,Maybe-papers (Step 3)!row154: prior_R1=Maybe; prior_R2=Not recorded; review1=Exclude; review2=Not recorded,Exclude,Excluded at full text,No stage record,No stage record,Excluded at full text,Recorded full-text Exclude
P0115,Artificial intelligence in computational modeling of thrombosis: Bridging mechanistic insights and clinical translation,10.1007/s11239-025-03222-y,1,Not recorded,Reached full-text-stage record set,Stage log,Maybe-papers (Step 3)!row168: prior_R1=Include; prior_R2=Exclude; review1=Exclude; review2=Not recorded,Exclude,Excluded at full text,No stage record,No stage record,Excluded at full text,Recorded full-text Exclude
P0116,Beyond Expertise and Roles: A Framework to Characterize the Stakeholders of Interpretable Machine Learning and their Needs,10.1145/3411764.3445088,1,Not recorded,Reached full-text-stage record set,Stage log,Maybe-papers (Step 3)!row32: prior_R1=Exclude; prior_R2=Exclude; review1=Exclude; review2=Not recorded,Exclude,Excluded at full text,No stage record,No stage record,Excluded at full text,Recorded full-text Exclude
P0117,Beyond Input Attribution: A Hands-On Tutorial to Concept-Based Explainable AI and Mechanistic Interpretability,10.1145/3711896.3737606,2,Not recorded,Reached full-text-stage record set,Stage log,Maybe-papers (Step 3)!row2: prior_R1=Exclude; prior_R2=Exclude; review1=Exclude; review2=Not recorded | Maybe-papers (Step 3)!row8: prior_R1=Exclude; prior_R2=Maybe; review1=Exclude; review2=Not recorded,Exclude,Excluded at full text,No stage record,No stage record,Excluded at full text,Recorded full-text Exclude
P0118,Beyond Measurement: The Emotion & Behavioral Intent Grid for Multi-interpretability in Environmental Art Exhibitions,10.1145/3698061.3734404,1,Not recorded,Reached full-text-stage record set,Stage log,Maybe-papers (Step 3)!row14: prior_R1=Include; prior_R2=Exclude; review1=Exclude; review2=Not recorded,Exclude,Excluded at full text,No stage record,No stage record,Excluded at full text,Recorded full-text Exclude
P0119,Boosting the visual interpretability of CLIP via adversarial fine-tuning,,1,Not recorded,Reached full-text-stage record set,Stage log,Maybe-papers (Step 3)!row51: prior_R1=Exclude; prior_R2=Include; review1=Exclude; review2=Not recorded,Exclude,Excluded at full text,No stage record,No stage record,Excluded at full text,Recorded full-text Exclude
P0120,"Breadth of Pharmacology Modeling: Fundamentals of Pharmacokinetics, Pharmacodynamics, and Mechanistic Modeling",10.1007/164_2025_746,1,Not recorded,Reached full-text-stage record set,Stage log,Maybe-papers (Step 3)!row178: prior_R1=Exclude; prior_R2=Not recorded; review1=Exclude; review2=Not recorded,Exclude,Excluded at full text,No stage record,No stage record,Excluded at full text,Recorded full-text Exclude
P0121,Bridging Explainability and Interactivity to foster Trust and increase Interpretability in AI-systems: A Comparative Study on Explainability and Feedback Mechanisms in AI-based OCR,10.1145/3743049.3743053,2,Not recorded,Reached full-text-stage record set,Stage log,Maybe-papers (Step 3)!row3: prior_R1=Include; prior_R2=Exclude; review1=Exclude; review2=Not recorded | Maybe-papers (Step 3)!row15: prior_R1=Include; prior_R2=Exclude; review1=Exclude; review2=Not recorded,Exclude,Excluded at full text,No stage record,No stage record,Excluded at full text,Recorded full-text Exclude
P0122,Causal Probing for Dual Encoders,10.1145/3627673.3679556,1,Not recorded,Reached full-text-stage record set,Stage log,Maybe-papers (Step 3)!row37: prior_R1=Exclude; prior_R2=Exclude; review1=Exclude; review2=Not recorded,Exclude,Excluded at full text,No stage record,No stage record,Excluded at full text,Recorded full-text Exclude
P0123,Challenges in Interpretability of Neural Networks for Eye Movement Data,10.1145/3379156.3391361,1,Not recorded,Reached full-text-stage record set,Stage log,Maybe-papers (Step 3)!row28: prior_R1=Not recorded; prior_R2=Maybe; review1=Exclude; review2=Not recorded,Exclude,Excluded at full text,No stage record,No stage record,Excluded at full text,Recorded full-text Exclude
P0124,Classification of Caries Based on CBCT: A Deep Learning Network Interpretability Study,10.1007/s10278-024-01143-5,1,Not recorded,Reached full-text-stage record set,Stage log,Maybe-papers (Step 3)!row65: prior_R1=Include; prior_R2=Not recorded; review1=Exclude; review2=Not recorded,Exclude,Excluded at full text,No stage record,No stage record,Excluded at full text,Recorded full-text Exclude
P0125,Comparative benchmarking of eleven machine learning regressors for daily air quality index (AQI) forecasting: Sensitivity analysis and SHapley Additive exPlanations (SHAP)-Based interpretability framework,10.1007/s00704-025-05832-1,1,Not recorded,Reached full-text-stage record set,Stage log,Maybe-papers (Step 3)!row173: prior_R1=Maybe; prior_R2=Exclude; review1=Exclude; review2=Not recorded,Exclude,Excluded at full text,No stage record,No stage record,Excluded at full text,Recorded full-text Exclude
P0126,Comparing Clinical and General LLMs on Knowledge Boundaries and Robustness,,1,Maybe,Reached full-text-stage record set,Stage log,Maybe-papers (Step 3)!row47: prior_R1=Include; prior_R2=Maybe; review1=Exclude; review2=Not recorded,Exclude,Excluded at full text,No stage record,No stage record,Excluded at full text,Recorded full-text Exclude
P0127,Data meets prior knowledge for interpretable mechanistic inference in biology,10.1038/s42256-025-01075-x,1,Not recorded,Reached full-text-stage record set,Stage log,Maybe-papers (Step 3)!row165: prior_R1=Exclude; prior_R2=Not recorded; review1=Exclude; review2=Not recorded,Exclude,Excluded at full text,No stage record,No stage record,Excluded at full text,Recorded full-text Exclude
P0128,Data-Driven and Mechanistic Hybrid Model for Predicting Oxygen Consumption in BOF Steelmaking,10.1007/s11663-025-03498-8,1,Not recorded,Reached full-text-stage record set,Stage log,Maybe-papers (Step 3)!row61: prior_R1=Maybe; prior_R2=Exclude; review1=Exclude; review2=Not recorded,Exclude,Excluded at full text,No stage record,No stage record,Excluded at full text,Recorded full-text Exclude
P0129,Data-Fusion in Clustering Microarray Data: Balancing Discovery and Interpretability,10.1109/tcbb.2007.70267,2,Not recorded,Reached full-text-stage record set,Stage log,Maybe-papers (Step 3)!row149: prior_R1=Not recorded; prior_R2=Exclude; review1=Maybe; review2=Exclude,Exclude,Excluded at full text,No stage record,No stage record,Excluded at full text,Recorded full-text Exclude
P0130,Decoding Chess Mastery: A Mechanistic Analysis of a Chess Language Transformer Model,10.1007/978-3-031-65572-2_7,1,Not recorded,Reached full-text-stage record set,Stage log,Maybe-papers (Step 3)!row152: prior_R1=Not recorded; prior_R2=Not recorded; review1=Maybe; review2=Exclude,Exclude,Excluded at full text,No stage record,No stage record,Excluded at full text,Recorded full-text Exclude
P0131,Deep learning-driven drug response prediction and mechanistic insights in cancer genomics,10.1038/s41598-025-91571-2,1,Not recorded,Reached full-text-stage record set,Stage log,Maybe-papers (Step 3)!row136: prior_R1=Include; prior_R2=Exclude; review1=Maybe; review2=Exclude,Exclude,Excluded at full text,No stage record,No stage record,Excluded at full text,Recorded full-text Exclude
P0132,Delta Marches to autonomously learn histopathology rules by generative latent space traversals,10.1101/2025.03.18.643999,1,Not recorded,Reached full-text-stage record set,Stage log,Maybe-papers (Step 3)!row144: prior_R1=Exclude; prior_R2=Maybe; review1=Maybe; review2=Exclude,Exclude,Excluded at full text,No stage record,No stage record,Excluded at full text,Recorded full-text Exclude
P0133,Denoising single-cell RNA-seq data with a deep learning-embedded statistical framework,10.1186/s12859-025-06296-w,1,Maybe,Reached full-text-stage record set,Stage log,Maybe-papers (Step 3)!row160: prior_R1=Exclude; prior_R2=Maybe; review1=Exclude; review2=Not recorded,Exclude,Excluded at full text,No stage record,No stage record,Excluded at full text,Recorded full-text Exclude
P0134,Different Views of Interpretability,10.1007/978-3-031-12402-0_1,1,Not recorded,Reached full-text-stage record set,Stage log,Maybe-papers (Step 3)!row179: prior_R1=Exclude; prior_R2=Not recorded; review1=Exclude; review2=Not recorded,Exclude,Excluded at full text,No stage record,No stage record,Excluded at full text,Recorded full-text Exclude
P0135,Disentangling Polysemantic Channels in Convolutional Neural Networks,10.1109/cvprw67362.2025.00466,1,Not recorded,Reached full-text-stage record set,Stage log,Maybe-papers (Step 3)!row146: prior_R1=Include; prior_R2=Exclude; review1=Maybe; review2=Exclude,Exclude,Excluded at full text,No stage record,No stage record,Excluded at full text,Recorded full-text Exclude
P0136,Dissecting pleiotropy to gain mechanistic insights into human disease,10.1038/s41576-025-00908-0,1,Not recorded,Reached full-text-stage record set,Stage log,Maybe-papers (Step 3)!row166: prior_R1=Exclude; prior_R2=Not recorded; review1=Exclude; review2=Not recorded,Exclude,Excluded at full text,No stage record,No stage record,Excluded at full text,Recorded full-text Exclude
P0137,Don’t Believe the Belief Hype!,,1,Not recorded,Reached full-text-stage record set,Stage log,Maybe-papers (Step 3)!row44: prior_R1=Exclude; prior_R2=Maybe; review1=Exclude; review2=Not recorded,Exclude,Excluded at full text,No stage record,No stage record,Excluded at full text,Recorded full-text Exclude
P0138,Dynamic Response Prediction of Wind Turbine Drive-Train Based on Mechanistic and Data Fusion,10.1007/978-3-032-01363-7_55,1,Not recorded,Reached full-text-stage record set,Stage log,Maybe-papers (Step 3)!row63: prior_R1=Not recorded; prior_R2=Exclude; review1=Exclude; review2=Not recorded,Exclude,Excluded at full text,No stage record,No stage record,Excluded at full text,Recorded full-text Exclude
P0139,Enhancing Interpretability for Fine-Grained Vessel Recognition,10.1007/978-981-95-4097-6_22,1,Not recorded,Reached full-text-stage record set,Stage log,Maybe-papers (Step 3)!row67: prior_R1=Not recorded; prior_R2=Not recorded; review1=Exclude; review2=Not recorded,Exclude,Excluded at full text,No stage record,No stage record,Excluded at full text,Recorded full-text Exclude
P0140,Evaluating the Utility of Sparse Autoencoders for Interpreting a Pathology Foundation Model,,1,Not recorded,Reached full-text-stage record set,Stage log,Maybe-papers (Step 3)!row46: prior_R1=Exclude; prior_R2=Exclude; review1=Exclude; review2=Not recorded,Exclude,Excluded at full text,No stage record,No stage record,Excluded at full text,Recorded full-text Exclude
P0141,"Evaluating the factors influencing accuracy, interpretability, and reproducibility in the use of machine learning classifiers in biology to enable standardization",10.1038/s41598-025-00245-6,1,Not recorded,Reached full-text-stage record set,Stage log,Maybe-papers (Step 3)!row66: prior_R1=Include; prior_R2=Not recorded; review1=Exclude; review2=Not recorded,Exclude,Excluded at full text,No stage record,No stage record,Excluded at full text,Recorded full-text Exclude
P0142,Explainability and Interpretability of Multilingual Large Language Models: A Survey,,2,Incomplete across source rows,Reached full-text-stage record set,Stage log,Maybe-papers (Step 3)!row4: prior_R1=Include; prior_R2=Maybe; review1=Exclude; review2=Not recorded | Maybe-papers (Step 3)!row155: prior_R1=Exclude; prior_R2=Exclude; review1=Not recorded; review2=Not recorded,Exclude,Excluded at full text,No stage record,No stage record,Excluded at full text,Recorded full-text Exclude
P0143,Exploring Interpretability in Deep Learning for Affective Computing: A Comprehensive Review,10.1145/3723005,1,Not recorded,Reached full-text-stage record set,Stage log,Maybe-papers (Step 3)!row128: prior_R1=Include; prior_R2=Exclude; review1=Maybe; review2=Exclude,Exclude,Excluded at full text,No stage record,No stage record,Excluded at full text,Recorded full-text Exclude
P0144,FIND: A Function Description Benchmark for Evaluating Interpretability Methods,,1,Not recorded,Reached full-text-stage record set,Stage log,Maybe-papers (Step 3)!row126: prior_R1=Not recorded; prior_R2=Maybe; review1=Maybe; review2=Exclude,Exclude,Excluded at full text,No stage record,No stage record,Excluded at full text,Recorded full-text Exclude
P0145,Finerenone Modulates PANoptosis to Improve Immune Microenvironment in Diabetic Nephropathy: A Machine Learning‚ÄìBased Mechanistic Analysis,10.1007/s12031-025-02384-x,1,Not recorded,Reached full-text-stage record set,Stage log,Maybe-papers (Step 3)!row135: prior_R1=Maybe; prior_R2=Exclude; review1=Exclude; review2=Not recorded,Exclude,Excluded at full text,No stage record,No stage record,Excluded at full text,Recorded full-text Exclude
P0146,Forecasting coastal hypoxia using a blend of mechanistic and artificial intelligence models,10.1038/s41598-025-17053-7,1,Not recorded,Reached full-text-stage record set,Stage log,Maybe-papers (Step 3)!row71: prior_R1=Maybe; prior_R2=Not recorded; review1=Exclude; review2=Not recorded,Exclude,Excluded at full text,No stage record,No stage record,Excluded at full text,Recorded full-text Exclude
P0148,From Discovery to Adoption: Understanding the ML Practitioners’ Interpretability Journey,10.1145/3563657.3596046,1,Not recorded,Reached full-text-stage record set,Stage log,Maybe-papers (Step 3)!row20: prior_R1=Include; prior_R2=Exclude; review1=Exclude; review2=Not recorded,Exclude,Excluded at full text,No stage record,No stage record,Excluded at full text,Recorded full-text Exclude
P0149,Games for Fairness and Interpretability,10.1145/3366424.3384374,1,Not recorded,Reached full-text-stage record set,Stage log,Maybe-papers (Step 3)!row25: prior_R1=Include; prior_R2=Exclude; review1=Exclude; review2=Not recorded,Exclude,Excluded at full text,No stage record,No stage record,Excluded at full text,Recorded full-text Exclude
P0150,Generation of explainable QSAR models for predicting chemical-induced urinary tract toxicity,10.1016/j.fct.2025.115922,1,Not recorded,Reached full-text-stage record set,Stage log,Maybe-papers (Step 3)!row161: prior_R1=Exclude; prior_R2=Maybe; review1=Maybe; review2=Not recorded,Maybe,Transition not completed,No stage record,No stage record,Not included; closure not recorded,No completed later-stage disposition recorded
P0151,Growing Brains in Recurrent Neural Networks for Multiple Cognitive Tasks,,1,Not recorded,Reached full-text-stage record set,Stage log,Maybe-papers (Step 3)!row50: prior_R1=Exclude; prior_R2=Exclude; review1=Exclude; review2=Not recorded,Exclude,Excluded at full text,No stage record,No stage record,Excluded at full text,Recorded full-text Exclude
P0152,HiLite: Hierarchical Level-implemented Architecture Attaining Part-Whole Interpretability,10.1145/3627673.3679538,1,Not recorded,Reached full-text-stage record set,Stage log,Maybe-papers (Step 3)!row11: prior_R1=Maybe; prior_R2=Exclude; review1=Exclude; review2=Not recorded,Exclude,Excluded at full text,No stage record,No stage record,Excluded at full text,Recorded full-text Exclude
P0153,How do Large Language Models Understand Relevance? A Mechanistic Interpretability Perspective,10.1145/3774942,2,Incomplete across source rows,Reached full-text-stage record set,Stage log,Maybe-papers (Step 3)!row127: prior_R1=Maybe; prior_R2=Exclude; review1=Maybe; review2=Exclude,Exclude,Excluded at full text,No stage record,No stage record,Excluded at full text,Recorded full-text Exclude
P0154,Human-Friendly Explanation Model Based on the Aristotelian Practical Syllogism for Reinforcement Learning Agents in Urban Intelligent Design,10.1007/978-3-032-08704-1_4,1,Not recorded,Reached full-text-stage record set,Stage log,Maybe-papers (Step 3)!row40: prior_R1=Include; prior_R2=Exclude; review1=Exclude; review2=Not recorded,Exclude,Excluded at full text,No stage record,No stage record,Excluded at full text,Recorded full-text Exclude
P0155,Impact of Model Interpretability and Outcome Feedback on Trust in AI,10.1145/3613904.3642780,1,Not recorded,Reached full-text-stage record set,Stage log,Maybe-papers (Step 3)!row17: prior_R1=Include; prior_R2=Exclude; review1=Exclude; review2=Not recorded,Exclude,Excluded at full text,No stage record,No stage record,Excluded at full text,Recorded full-text Exclude
P0156,Incorporation of mechanistic model outputs as features for data-driven models for yield prediction: a case study on wheat and chickpea,10.1007/s11119-024-10184-3,1,Not recorded,Reached full-text-stage record set,Stage log,Maybe-papers (Step 3)!row137: prior_R1=Include; prior_R2=Exclude; review1=Exclude; review2=Not recorded,Exclude,Excluded at full text,No stage record,No stage record,Excluded at full text,Recorded full-text Exclude
P0157,Individual alpha peak predicts clinical response in TMS therapy for depression: An independent replication,10.1016/j.psychres.2025.116828,1,Not recorded,Reached full-text-stage record set,Stage log,Maybe-papers (Step 3)!row54: prior_R1=Exclude; prior_R2=Include; review1=Exclude; review2=Not recorded,Exclude,Excluded at full text,No stage record,No stage record,Excluded at full text,Recorded full-text Exclude
P0158,Integrating a multitask graph neural network with DFT calculations for site-selectivity prediction of arenes and mechanistic knowledge generation,10.1038/s44160-025-00770-2,1,Not recorded,Reached full-text-stage record set,Stage log,Maybe-papers (Step 3)!row70: prior_R1=Maybe; prior_R2=Not recorded; review1=Exclude; review2=Not recorded,Exclude,Excluded at full text,No stage record,No stage record,Excluded at full text,Recorded full-text Exclude
P0159,Interpretability Gone Bad: The Role of Bounded Rationality in How Practitioners Understand Machine Learning,10.1145/3637354,1,Not recorded,Reached full-text-stage record set,Stage log,Maybe-papers (Step 3)!row23: prior_R1=Include; prior_R2=Exclude; review1=Exclude; review2=Not recorded,Exclude,Excluded at full text,No stage record,No stage record,Excluded at full text,Recorded full-text Exclude
P0160,Interpretability as a dynamic of human-AI interaction,10.1145/3411286,1,Not recorded,Reached full-text-stage record set,Stage log,Maybe-papers (Step 3)!row132: prior_R1=Include; prior_R2=Exclude; review1=Maybe; review2=Exclude,Exclude,Excluded at full text,No stage record,No stage record,Excluded at full text,Recorded full-text Exclude
P0161,Interpreting Interpretability: Understanding Data Scientists' Use of Interpretability Tools for Machine Learning,10.1145/3313831.3376219,1,Not recorded,Reached full-text-stage record set,Stage log,Maybe-papers (Step 3)!row130: prior_R1=Include; prior_R2=Exclude; review1=Maybe; review2=Include,Include,Transition not completed,No stage record,No stage record,Not included; closure not recorded,No completed later-stage disposition recorded
P0162,Inverse Methods for Mechanistic Models,10.1007/978-3-031-34869-3_10,0,No source row,Reached full-text-stage record set,Stage log,Maybe-papers (Step 3)!row180: prior_R1=Exclude; prior_R2=Not recorded; review1=Exclude; review2=Not recorded,Exclude,Excluded at full text,No stage record,No stage record,Excluded at full text,Recorded full-text Exclude
P0163,Large Scale Cardiovascular Model Personalisation for Mechanistic Analysis of Heart and Brain Interactions,10.1007/978-3-030-21949-9_31,1,Not recorded,Reached full-text-stage record set,Stage log,Maybe-papers (Step 3)!row153: prior_R1=Maybe; prior_R2=Maybe; review1=Exclude; review2=Not recorded,Exclude,Excluded at full text,No stage record,No stage record,Excluded at full text,Recorded full-text Exclude
P0164,Learning Mechanistic Subtypes of Neurodegeneration with a Physics-Informed Variational Autoencoder Mixture Model,10.1007/978-3-032-05573-6_12,1,Not recorded,Reached full-text-stage record set,Stage log,Maybe-papers (Step 3)!row64: prior_R1=Not recorded; prior_R2=Not recorded; review1=Exclude; review2=Not recorded,Exclude,Excluded at full text,No stage record,No stage record,Excluded at full text,Recorded full-text Exclude
P0165,Leveraging Interpretability: Concept-based Pedestrian Detection with Deep Neural Networks,10.1145/3488904.3493379,1,Maybe,Reached full-text-stage record set,Stage log,Maybe-papers (Step 3)!row27: prior_R1=Maybe; prior_R2=Maybe; review1=Exclude; review2=Not recorded,Exclude,Excluded at full text,No stage record,No stage record,Excluded at full text,Recorded full-text Exclude
P0166,LogicSR: prior-guided symbolic regression for gene regulatory network inference from single-cell transcriptomics data,10.1093/bib/bbaf621,1,Not recorded,Reached full-text-stage record set,Stage log,Maybe-papers (Step 3)!row162: prior_R1=Exclude; prior_R2=Maybe; review1=Exclude; review2=Not recorded,Exclude,Excluded at full text,No stage record,No stage record,Excluded at full text,Recorded full-text Exclude
P0167,MVQA-68K: A Multi-dimensional and Causally-annotated Dataset with Quality Interpretability for Video Assessment,10.1145/3746027.3754824,1,Not recorded,Reached full-text-stage record set,Stage log,Maybe-papers (Step 3)!row12: prior_R1=Include; prior_R2=Exclude; review1=Exclude; review2=Not recorded,Exclude,Excluded at full text,No stage record,No stage record,Excluded at full text,Recorded full-text Exclude
P0168,Machine learning-driven prediction models and mechanistic insights into cardiovascular diseases: deciphering the environmental endocrine disruptors nexus,10.1186/s12967-025-07223-6,1,Not recorded,Reached full-text-stage record set,Stage log,Maybe-papers (Step 3)!row138: prior_R1=Include; prior_R2=Exclude; review1=Exclude; review2=Not recorded,Exclude,Excluded at full text,No stage record,No stage record,Excluded at full text,Recorded full-text Exclude
P0169,Machine learning-driven predictions of biochar yield and NPK composition: insights into biomass pyrolysis with data augmentation and model interpretability,10.1007/s44246-025-00229-1,1,Not recorded,Reached full-text-stage record set,Stage log,Maybe-papers (Step 3)!row170: prior_R1=Include; prior_R2=Exclude; review1=Exclude; review2=Not recorded,Exclude,Excluded at full text,No stage record,No stage record,Excluded at full text,Recorded full-text Exclude
P0170,Manipulating and Measuring Model Interpretability,10.1145/3411764.3445315,1,Not recorded,Reached full-text-stage record set,Stage log,Maybe-papers (Step 3)!row18: prior_R1=Include; prior_R2=Exclude; review1=Exclude; review2=Not recorded,Exclude,Excluded at full text,No stage record,No stage record,Excluded at full text,Recorded full-text Exclude
P0171,Mapping Moral Reasoning Circuits: A Mechanistic Analysis of Ethical Decision-Making in Large Language Models,10.1007/978-3-031-93415-5_6,1,Not recorded,Reached full-text-stage record set,Stage log,Maybe-papers (Step 3)!row171: prior_R1=Maybe; prior_R2=Not recorded; review1=Maybe; review2=Not recorded,Maybe,Transition not completed,No stage record,No stage record,Not included; closure not recorded,No completed later-stage disposition recorded
P0172,Mechanistic Exploration of the Architectural Impact of DPO Fine-Tuning on Ethical Alignment in LLMs,10.1007/978-3-031-93415-5_3,1,Not recorded,Reached full-text-stage record set,Stage log,Maybe-papers (Step 3)!row151: prior_R1=Not recorded; prior_R2=Not recorded; review1=Maybe; review2=Exclude,Exclude,Excluded at full text,No stage record,No stage record,Excluded at full text,Recorded full-text Exclude
P0173,Mechanistic Interpretability of Transformers in Non-dictionary Setting Using Toy Datasets,,1,Not recorded,Reached full-text-stage record set,Stage log,Maybe-papers (Step 3)!row150: prior_R1=Not recorded; prior_R2=Not recorded; review1=Maybe; review2=Exclude,Exclude,Excluded at full text,No stage record,No stage record,Excluded at full text,Recorded full-text Exclude
P0174,Mechanistic agent-based damage and repair models as hypotheses for patterns of necrosis caused by drug induced liver injury,,1,Not recorded,Reached full-text-stage record set,Stage log,Maybe-papers (Step 3)!row59: prior_R1=Not recorded; prior_R2=Exclude; review1=Exclude; review2=Not recorded,Exclude,Excluded at full text,No stage record,No stage record,Excluded at full text,Recorded full-text Exclude
P0175,Mechanistic inhibition of FtsZ-driven bacterial cytokinesis by natural products: an integrated machine learning and advanced drug discovery approach,10.1007/s11030-025-11332-1,1,Not recorded,Reached full-text-stage record set,Stage log,Maybe-papers (Step 3)!row140: prior_R1=Maybe; prior_R2=Exclude; review1=Exclude; review2=Not recorded,Exclude,Excluded at full text,No stage record,No stage record,Excluded at full text,Recorded full-text Exclude
P0176,Mechanistic investigation of Sijunzi Decoction in heart failure using bioinformatics and deep learning,10.1145/3706890.3706924,1,Not recorded,Reached full-text-stage record set,Stage log,Maybe-papers (Step 3)!row129: prior_R1=Maybe; prior_R2=Exclude; review1=Maybe; review2=Exclude,Exclude,Excluded at full text,No stage record,No stage record,Excluded at full text,Recorded full-text Exclude
P0177,Metabolic signatures for gastric cancer diagnosis and mechanistic insights: a multicenter study,10.1038/s44321-025-00325-0,1,Not recorded,Reached full-text-stage record set,Stage log,Maybe-papers (Step 3)!row169: prior_R1=Include; prior_R2=Exclude; review1=Exclude; review2=Not recorded,Exclude,Excluded at full text,No stage record,No stage record,Excluded at full text,Recorded full-text Exclude
P0178,Metabopathia: Enhancing Disease Mechanism Understanding Through Mechanistic Integration of Transcriptomic and Metabolic Data,10.1007/978-3-032-10661-2_38,1,Not recorded,Reached full-text-stage record set,Stage log,Maybe-papers (Step 3)!row72: prior_R1=Not recorded; prior_R2=Exclude; review1=Exclude; review2=Not recorded,Exclude,Excluded at full text,No stage record,No stage record,Excluded at full text,Recorded full-text Exclude
P0179,Microstructure-Informed Hyper-Viscoelastic Model Capturing Soft Tissue Tensile Behavior Across Large Deformations,10.1016/j.jmps.2025.106348,2,Incomplete across source rows,Reached full-text-stage record set,Stage log,Maybe-papers (Step 3)!row55: prior_R1=Exclude; prior_R2=Maybe; review1=Exclude; review2=Not recorded,Exclude,Excluded at full text,No stage record,No stage record,Excluded at full text,Recorded full-text Exclude
P0180,Mining the Diamond Miner: Mechanistic Interpretability on the Video PreTraining Agent,,1,Not recorded,Reached full-text-stage record set,Stage log,Maybe-papers (Step 3)!row142: prior_R1=Exclude; prior_R2=Maybe; review1=Maybe; review2=Exclude,Exclude,Excluded at full text,No stage record,No stage record,Excluded at full text,Recorded full-text Exclude
P0181,Ml-enhanced mechanistic crop modeling to address noise-induced uncertainty for drought environmental monitoring in rice,10.1007/s44187-025-00611-3,1,Not recorded,Reached full-text-stage record set,Stage log,Maybe-papers (Step 3)!row174: prior_R1=Maybe; prior_R2=Exclude; review1=Exclude; review2=Not recorded,Exclude,Excluded at full text,No stage record,No stage record,Excluded at full text,Recorded full-text Exclude
P0182,Multimodal Concept Bottleneck Models,,1,Not recorded,Reached full-text-stage record set,Stage log,Maybe-papers (Step 3)!row42: prior_R1=Exclude; prior_R2=Maybe; review1=Exclude; review2=Not recorded,Exclude,Excluded at full text,No stage record,No stage record,Excluded at full text,Recorded full-text Exclude
P0183,Naturally Computed Scale Invariance in the Residual Stream of ResNet18,10.1109/cvprw67362.2025.00467,2,Not recorded,Reached full-text-stage record set,Stage log,Maybe-papers (Step 3)!row145: prior_R1=Maybe; prior_R2=Exclude; review1=Maybe; review2=Exclude | Maybe-papers (Step 3)!row148: prior_R1=Not recorded; prior_R2=Include; review1=Maybe; review2=Exclude,Exclude,Excluded at full text,No stage record,No stage record,Excluded at full text,Recorded full-text Exclude
P0184,Neuromelanin-sensitive MRI for mechanistic research and biomarker development in psychiatry,10.1038/s41386-024-01934-y,1,Not recorded,Reached full-text-stage record set,Stage log,Maybe-papers (Step 3)!row167: prior_R1=Exclude; prior_R2=Not recorded; review1=Exclude; review2=Not recorded,Exclude,Excluded at full text,No stage record,No stage record,Excluded at full text,Recorded full-text Exclude
P0185,Nonlinear Mediation of Parental Phubbing on Child Loneliness: SHAP Interpretability and Double Machine Learning Insights,10.1145/3756580.3756612,1,Not recorded,Reached full-text-stage record set,Stage log,Maybe-papers (Step 3)!row16: prior_R1=Include; prior_R2=Exclude; review1=Exclude; review2=Not recorded,Exclude,Excluded at full text,No stage record,No stage record,Excluded at full text,Recorded full-text Exclude
P0186,On Interpretability of Linear Autoencoders,10.1145/3640457.3688179,1,Not recorded,Reached full-text-stage record set,Stage log,Maybe-papers (Step 3)!row9: prior_R1=Include; prior_R2=Exclude; review1=Exclude; review2=Not recorded,Exclude,Excluded at full text,No stage record,No stage record,Excluded at full text,Recorded full-text Exclude
P0187,Optimization of deficit irrigation system for drip-irrigated corn in northern Xinjiang using dynamic reconstruction and dual physics-informed neural networks to drive AquaCrop,10.3389/fpls.2025.1678277,1,Not recorded,Reached full-text-stage record set,Stage log,Maybe-papers (Step 3)!row53: prior_R1=Exclude; prior_R2=Maybe; review1=Exclude; review2=Not recorded,Exclude,Excluded at full text,No stage record,No stage record,Excluded at full text,Recorded full-text Exclude
P0188,PointCNNVis: A visual analysis system for the interpretability of PointCNN,10.1145/3532213.3532312,1,Maybe,Reached full-text-stage record set,Stage log,Maybe-papers (Step 3)!row131: prior_R1=Maybe; prior_R2=Maybe; review1=Maybe; review2=Exclude,Exclude,Excluded at full text,No stage record,No stage record,Excluded at full text,Recorded full-text Exclude
P0189,Postoperative MPA-AUC Prediction for Kidney Transplant Recipients Based on Model Interpretability Technique,10.1145/3468920.3468937,2,Not recorded,Reached full-text-stage record set,Stage log,Maybe-papers (Step 3)!row30: prior_R1=Exclude; prior_R2=Maybe; review1=Exclude; review2=Not recorded,Exclude,Excluded at full text,No stage record,No stage record,Excluded at full text,Recorded full-text Exclude
P0190,Predicting Weak-to-Strong Generalization from Latent Representations,,1,Maybe,Reached full-text-stage record set,Stage log,Maybe-papers (Step 3)!row43: prior_R1=Exclude; prior_R2=Maybe; review1=Exclude; review2=Not recorded,Exclude,Excluded at full text,No stage record,No stage record,Excluded at full text,Recorded full-text Exclude
P0191,Predictive modeling of evoked intracranial EEG response to medial temporal lobe stimulation in patients with epilepsy,10.1038/s42003-024-06859-2,2,Incomplete across source rows,Reached full-text-stage record set,Stage log,Maybe-papers (Step 3)!row7: prior_R1=Exclude; prior_R2=Include; review1=Exclude; review2=Not recorded,Exclude,Excluded at full text,No stage record,No stage record,Excluded at full text,Recorded full-text Exclude
P0192,Price Interpretability of Prediction Markets: A Convergence Analysis,10.1145/3490486.3538347,1,Not recorded,Reached full-text-stage record set,Stage log,Maybe-papers (Step 3)!row21: prior_R1=Maybe; prior_R2=Exclude; review1=Exclude; review2=Not recorded,Exclude,Excluded at full text,No stage record,No stage record,Excluded at full text,Recorded full-text Exclude
P0193,Probing Reasoning Flaws and Safety Hierarchies with Chain-of-Thought Difference Amplification,,1,Not recorded,Reached full-text-stage record set,Stage log,Maybe-papers (Step 3)!row49: prior_R1=Include; prior_R2=Maybe; review1=Exclude; review2=Not recorded,Exclude,Excluded at full text,No stage record,No stage record,Excluded at full text,Recorded full-text Exclude
P0194,Reconstructing disease dynamics for mechanistic insights and clinical benefit,10.1038/s41467-023-42354-8,1,Not recorded,Reached full-text-stage record set,Stage log,Maybe-papers (Step 3)!row176: prior_R1=Include; prior_R2=Exclude; review1=Exclude; review2=Not recorded,Exclude,Excluded at full text,No stage record,No stage record,Excluded at full text,Recorded full-text Exclude
P0195,Research on the Mechanisms of Interpretability and Optimization of Multi-modal Knowledge Graph-Powered Education Recommendation Systems,10.1145/3765325.3765328,1,Not recorded,Reached full-text-stage record set,Stage log,Maybe-papers (Step 3)!row19: prior_R1=Include; prior_R2=Exclude; review1=Exclude; review2=Not recorded,Exclude,Excluded at full text,No stage record,No stage record,Excluded at full text,Recorded full-text Exclude
P0196,Reviving a mechanistic view of CPM schedules in the age of information technology,10.5555/1162708.1162977,1,Not recorded,Reached full-text-stage record set,Stage log,Maybe-papers (Step 3)!row60: prior_R1=Not recorded; prior_R2=Exclude; review1=Exclude; review2=Not recorded,Exclude,Excluded at full text,No stage record,No stage record,Excluded at full text,Recorded full-text Exclude
P0197,RippleBench : Capturing Ripple Effects Using Existing Knowledge Repositories,,1,Maybe,Reached full-text-stage record set,Stage log,Maybe-papers (Step 3)!row48: prior_R1=Exclude; prior_R2=Maybe; review1=Exclude; review2=Not recorded,Exclude,Excluded at full text,No stage record,No stage record,Excluded at full text,Recorded full-text Exclude
P0198,SOC Prediction of Li-Ion Battery Based on EKF and CNN-BiLSTM-Attention,10.1021/acsomega.5c06451,1,Not recorded,Reached full-text-stage record set,Stage log,Maybe-papers (Step 3)!row159: prior_R1=Exclude; prior_R2=Maybe; review1=Exclude; review2=Not recorded,Exclude,Excluded at full text,No stage record,No stage record,Excluded at full text,Recorded full-text Exclude
P0199,Semantic Structure and Interpretability of Word Embeddings,10.1109/taslp.2018.2837384,1,Not recorded,Reached full-text-stage record set,Stage log,Maybe-papers (Step 3)!row29: prior_R1=Exclude; prior_R2=Maybe; review1=Exclude; review2=Not recorded,Exclude,Excluded at full text,No stage record,No stage record,Excluded at full text,Recorded full-text Exclude
P0200,Shaping the Future of Obesity Treatment: In Silico Multi-Modeling of IP6K1 Inhibitors for Obesity and Metabolic Dysfunction,10.3390/ph17020263,1,Maybe,Reached full-text-stage record set,Stage log,Maybe-papers (Step 3)!row158: prior_R1=Exclude; prior_R2=Maybe; review1=Maybe; review2=Not recorded,Maybe,Transition not completed,No stage record,No stage record,Not included; closure not recorded,No completed later-stage disposition recorded
P0201,"SoK: Modeling Explainability in Security Analytics for Interpretability, Trustworthiness, and Usability",10.1145/3600160.3600193,1,Not recorded,Reached full-text-stage record set,Stage log,Maybe-papers (Step 3)!row22: prior_R1=Include; prior_R2=Exclude; review1=Exclude; review2=Not recorded,Exclude,Excluded at full text,No stage record,No stage record,Excluded at full text,Recorded full-text Exclude
P0202,"State of the art of Fairness, Interpretability and Explainability in Machine Learning: Case of PRIM",10.1145/3419604.3419776,1,Not recorded,Reached full-text-stage record set,Stage log,Maybe-papers (Step 3)!row31: prior_R1=Exclude; prior_R2=Maybe; review1=Exclude; review2=Not recorded,Exclude,Excluded at full text,No stage record,No stage record,Excluded at full text,Recorded full-text Exclude
P0204,Summary of the 1st Interpretability and Robustness in Neural Software Engineering (InteNSE 2023),10.1145/3635439.3635446,1,Not recorded,Reached full-text-stage record set,Stage log,Maybe-papers (Step 3)!row24: prior_R1=Include; prior_R2=Exclude; review1=Exclude; review2=Not recorded,Exclude,Excluded at full text,No stage record,No stage record,Excluded at full text,Recorded full-text Exclude
P0205,SuperActivators: Only the Tail of the Distribution Contains Reliable Concept Signals,,1,Not recorded,Reached full-text-stage record set,Stage log,Maybe-papers (Step 3)!row45: prior_R1=Exclude; prior_R2=Exclude; review1=Exclude; review2=Not recorded,Exclude,Excluded at full text,No stage record,No stage record,Excluded at full text,Recorded full-text Exclude
P0206,Synergy Between Mechanistic Modelling and Ensemble Feature Selection Approaches to Explore Multiscale Biological Heterogeneity,10.1007/978-3-031-90714-2_9,1,Not recorded,Reached full-text-stage record set,Stage log,Maybe-papers (Step 3)!row175: prior_R1=Exclude; prior_R2=Not recorded; review1=Not recorded; review2=Not recorded,Not recorded,Transition not completed,No stage record,No stage record,Not included; closure not recorded,No completed later-stage disposition recorded
P0207,TELL-ME: Toward Personalized Explanations of Large Language Models,10.1145/3706599.3719982,1,Not recorded,Reached full-text-stage record set,Stage log,Maybe-papers (Step 3)!row35: prior_R1=Exclude; prior_R2=Include; review1=Exclude; review2=Not recorded,Exclude,Excluded at full text,No stage record,No stage record,Excluded at full text,Recorded full-text Exclude
P0208,The Extent and Limitations of Mechanistic Explanations of Nature,10.1145/1283920.2159563,1,Not recorded,Reached full-text-stage record set,Stage log,Maybe-papers (Step 3)!row58: prior_R1=Not recorded; prior_R2=Exclude; review1=Exclude; review2=Not recorded,Exclude,Excluded at full text,No stage record,No stage record,Excluded at full text,Recorded full-text Exclude
P0209,The Lack of Neurofeedback Training Regulation Guidance and Process Evaluation May be a Source of Controversy in Post-Traumatic Stress Disorder-Neurofeedback Research: A Systematic Review and Statistical Analysis,10.1089/brain.2024.0084,1,Not recorded,Reached full-text-stage record set,Stage log,Maybe-papers (Step 3)!row164: prior_R1=Exclude; prior_R2=Maybe; review1=Exclude; review2=Not recorded,Exclude,Excluded at full text,No stage record,No stage record,Excluded at full text,Recorded full-text Exclude
P0210,"The Mythos of Model Interpretability: In machine learning, the concept of interpretability is both important and slippery.",10.1145/3236386.3241340,1,Not recorded,Reached full-text-stage record set,Stage log,Maybe-papers (Step 3)!row26: prior_R1=Exclude; prior_R2=Maybe; review1=Exclude; review2=Not recorded,Exclude,Excluded at full text,No stage record,No stage record,Excluded at full text,Recorded full-text Exclude
P0211,The impact of Artificial Intelligence on Ecojustice and Ethics,10.1145/3703323.3704279,2,Incomplete across source rows,Reached full-text-stage record set,Stage log,Maybe-papers (Step 3)!row33: prior_R1=Exclude; prior_R2=Include; review1=Exclude; review2=Not recorded,Exclude,Excluded at full text,No stage record,No stage record,Excluded at full text,Recorded full-text Exclude
P0212,The mechanistic functional landscape of retinitis pigmentosa: a machine learning-driven approach to therapeutic target discovery,10.1186/s12967-024-04911-7,1,Not recorded,Reached full-text-stage record set,Stage log,Maybe-papers (Step 3)!row134: prior_R1=Include; prior_R2=Exclude; review1=Exclude; review2=Not recorded,Exclude,Excluded at full text,No stage record,No stage record,Excluded at full text,Recorded full-text Exclude
P0213,Towards Accurate Identification of Anti-Hepatitis C Peptides Using Stack-AHCP,10.1109/cibcb66090.2025.11177129,1,Not recorded,Reached full-text-stage record set,Stage log,Maybe-papers (Step 3)!row56: prior_R1=Exclude; prior_R2=Maybe; review1=Exclude; review2=Not recorded,Exclude,Excluded at full text,No stage record,No stage record,Excluded at full text,Recorded full-text Exclude
P0214,Towards Multilingual Mechanistic Interpretability,,1,Maybe,Reached full-text-stage record set,Stage log,Maybe-papers (Step 3)!row41: prior_R1=Maybe; prior_R2=Maybe; review1=Exclude; review2=Not recorded,Exclude,Excluded at full text,No stage record,No stage record,Excluded at full text,Recorded full-text Exclude
P0215,Towards Quantifying Bias in Large Language Models,,1,Maybe,Reached full-text-stage record set,Stage log,Maybe-papers (Step 3)!row143: prior_R1=Exclude; prior_R2=Maybe; review1=Maybe; review2=Exclude,Exclude,Excluded at full text,No stage record,No stage record,Excluded at full text,Recorded full-text Exclude
P0216,Towards a Mechanistic Understanding of Atherosclerosis Drug Design,10.1007/978-981-96-4154-3_22,1,Not recorded,Reached full-text-stage record set,Stage log,Maybe-papers (Step 3)!row181: prior_R1=Exclude; prior_R2=Not recorded; review1=Exclude; review2=Not recorded,Exclude,Excluded at full text,No stage record,No stage record,Excluded at full text,Recorded full-text Exclude
P0217,TrialPred: an interpretability model based on multimodal data for predicting the duration of clinical trials,10.1145/3765612.3767251,1,Not recorded,Reached full-text-stage record set,Stage log,Maybe-papers (Step 3)!row13: prior_R1=Maybe; prior_R2=Exclude; review1=Exclude; review2=Not recorded,Exclude,Excluded at full text,No stage record,No stage record,Excluded at full text,Recorded full-text Exclude
P0218,Trustworthy AI for Early Dementia Detection: Robust Feature Masking and Clinical Interpretability,10.1145/3721201.3721410,1,Not recorded,Reached full-text-stage record set,Stage log,Maybe-papers (Step 3)!row10: prior_R1=Maybe; prior_R2=Exclude; review1=Exclude; review2=Not recorded,Exclude,Excluded at full text,No stage record,No stage record,Excluded at full text,Recorded full-text Exclude
P0219,Understanding Sarcasm Detection Through Mechanistic Interpretability,10.1109/icsadl65848.2025.10933475,1,Not recorded,Reached full-text-stage record set,Stage log,Maybe-papers (Step 3)!row147: prior_R1=Maybe; prior_R2=Exclude; review1=Maybe; review2=Exclude,Exclude,Excluded at full text,No stage record,No stage record,Excluded at full text,Recorded full-text Exclude
P0220,Understanding the Interpretability of Search Result Summaries,10.1145/3331184.3331306,1,Not recorded,Reached full-text-stage record set,Stage log,Maybe-papers (Step 3)!row133: prior_R1=Include; prior_R2=Exclude; review1=Maybe; review2=Exclude,Exclude,Excluded at full text,No stage record,No stage record,Excluded at full text,Recorded full-text Exclude
P0221,Visual interpretability of bioimaging deep learning models,10.1038/s41592-024-02322-6,1,Not recorded,Reached full-text-stage record set,Stage log,Maybe-papers (Step 3)!row62: prior_R1=Not recorded; prior_R2=Exclude; review1=Exclude; review2=Not recorded,Exclude,Excluded at full text,No stage record,No stage record,Excluded at full text,Recorded full-text Exclude
P0222,"8th SIGKDD International Workshop on Mining and Learning from Time Series -- Deep Forecasting: Models, Interpretability, and Applications",10.1145/3534678.3542889,1,Exclude,No later-stage record,No stage record,Not recorded,Not recorded,No later-stage record,No stage record,No stage record,Excluded at title/abstract,Source decision or paired Exclude tags
P0223,A Computational Platform Integrating a Mechanistic Model of Crohn's Disease for Predicting Temporal Progression of Mucosal Damage and Healing,10.1007/s12325-022-02144-y,1,Exclude,No later-stage record,No stage record,Not recorded,Not recorded,No later-stage record,No stage record,No stage record,Excluded at title/abstract,Source decision or paired Exclude tags
P0224,A Convolutional Neural Network Reinforcement Framework Based on Neural Network Interpretability,10.1145/3728725.3728817,1,Exclude,No later-stage record,No stage record,Not recorded,Not recorded,No later-stage record,No stage record,No stage record,Excluded at title/abstract,Source decision or paired Exclude tags
P0225,A Demonstration of Interpretability Methods for Graph Neural Networks,10.1145/3594778.3594880,1,Exclude,No later-stage record,No stage record,Not recorded,Not recorded,No later-stage record,No stage record,No stage record,Excluded at title/abstract,Source decision or paired Exclude tags
P0226,A Fundamental Model with Stable Interpretability for Traffic Forecasting,10.1145/3615889.3628510,1,Exclude,No later-stage record,No stage record,Not recorded,Not recorded,No later-stage record,No stage record,No stage record,Excluded at title/abstract,Source decision or paired Exclude tags
P0227,A Late-Layer MLP Arbitrates Answer-or-Defer Decisions in Autoregressive Transformers,,1,Exclude,No later-stage record,No stage record,Not recorded,Not recorded,No later-stage record,No stage record,No stage record,Excluded at title/abstract,Source decision or paired Exclude tags
P0228,A Look Inside the Black-Box: Towards the Interpretability of Conditioned Variational Autoencoder for Collaborative Filtering,10.1145/3386392.3399305,1,Not recorded,No later-stage record,No stage record,Not recorded,Not recorded,No later-stage record,No stage record,No stage record,Not included; closure not recorded,No completed later-stage disposition recorded
P0229,A Mathematical Philosophy of Explanations in Mechanistic Interpretability,,1,Exclude,No later-stage record,No stage record,Not recorded,Not recorded,No later-stage record,No stage record,No stage record,Excluded at title/abstract,Source decision or paired Exclude tags
P0230,A Multi-Objective Approach to Optimizing Kolmogorov-Arnold Networks for Classification Tasks to Balance Accuracy and Interpretability,10.1145/3712256.3726354,1,Exclude,No later-stage record,No stage record,Not recorded,Not recorded,No later-stage record,No stage record,No stage record,Excluded at title/abstract,Source decision or paired Exclude tags
P0231,A Neuro-symbolic Approach to Enhance Interpretability of Graph Neural Network through the Integration of External Knowledge,10.1145/3583780.3616008,1,Exclude,No later-stage record,No stage record,Not recorded,Not recorded,No later-stage record,No stage record,No stage record,Excluded at title/abstract,Source decision or paired Exclude tags
P0232,A Probabilistic Framework for Molecular Network Structure Inference by Means of Mechanistic Modeling,10.1109/tcbb.2018.2825327,1,Exclude,No later-stage record,No stage record,Not recorded,Not recorded,No later-stage record,No stage record,No stage record,Excluded at title/abstract,Source decision or paired Exclude tags
P0233,A Question-centric Multi-experts Contrastive Learning Framework for Improving the Accuracy and Interpretability of Deep Sequential Knowledge Tracing Models,10.1145/3674840,1,Exclude,No later-stage record,No stage record,Not recorded,Not recorded,No later-stage record,No stage record,No stage record,Excluded at title/abstract,Source decision or paired Exclude tags
P0234,A Study of Variable-Role-based Feature Enrichment in Neural Models of Code,,1,Exclude,No later-stage record,No stage record,Not recorded,Not recorded,No later-stage record,No stage record,No stage record,Excluded at title/abstract,Source decision or paired Exclude tags
P0235,"A Survey on Uncertainty Quantification of Large Language Models: Taxonomy, Open Research Challenges, and Future Directions",10.1145/3744238,1,Exclude,No later-stage record,No stage record,Not recorded,Not recorded,No later-stage record,No stage record,No stage record,Excluded at title/abstract,Source decision or paired Exclude tags
P0236,A first-order mechanistic model for architectural vulnerability factor,10.1145/2366231.2337191,1,Exclude,No later-stage record,No stage record,Not recorded,Not recorded,No later-stage record,No stage record,No stage record,Excluded at title/abstract,Source decision or paired Exclude tags
P0237,A human-centric perspective on interpretability in large language models,,1,Not recorded,No later-stage record,No stage record,Not recorded,Not recorded,No later-stage record,No stage record,No stage record,Not included; closure not recorded,No completed later-stage disposition recorded
P0238,A mechanism study on laser-induced breakdown spectroscopy and machine learning-based characterization method for waste organic polymers,10.1177/0734242x251340332,1,Exclude,No later-stage record,No stage record,Not recorded,Not recorded,No later-stage record,No stage record,No stage record,Excluded at title/abstract,Source decision or paired Exclude tags
P0239,"A mechanism-guided, data-corrected gray box framework for unified state modeling and interpretability analysis of complex electromechanical systems",10.1007/s11071-025-11564-8,1,Exclude,No later-stage record,No stage record,Not recorded,Not recorded,No later-stage record,No stage record,No stage record,Excluded at title/abstract,Source decision or paired Exclude tags
P0240,A mechanistic framework for cardiometabolic and coronary artery diseases,10.1038/s44161-021-00009-1,1,Exclude,No later-stage record,No stage record,Not recorded,Not recorded,No later-stage record,No stage record,No stage record,Excluded at title/abstract,Source decision or paired Exclude tags
P0241,A mechanistic model of primer synthesis from catalytic structures of DNA polymerase α-primase,10.1038/s41594-024-01227-4,1,Exclude,No later-stage record,No stage record,Not recorded,Not recorded,No later-stage record,No stage record,No stage record,Excluded at title/abstract,Source decision or paired Exclude tags
P0242,A mechanistic performance model for superscalar out-of-order processors,10.1145/1534909.1534910,1,Exclude,No later-stage record,No stage record,Not recorded,Not recorded,No later-stage record,No stage record,No stage record,Excluded at title/abstract,Source decision or paired Exclude tags
P0243,A scalable method for parameter-free simulation and validation of mechanistic cellular signal transduction network models,10.1038/s41540-019-0120-5,1,Exclude,No later-stage record,No stage record,Not recorded,Not recorded,No later-stage record,No stage record,No stage record,Excluded at title/abstract,Source decision or paired Exclude tags
P0244,A sub Bayesian nearest prototype neural network with fuzzy interpretability for diagnosis problems,10.1145/315891.316065,1,Exclude,No later-stage record,No stage record,Not recorded,Not recorded,No later-stage record,No stage record,No stage record,Excluded at title/abstract,Source decision or paired Exclude tags
P0245,A systematic exploration of knowledge graph alignment with large language models in retrieval augmented generation,,1,Exclude,No later-stage record,No stage record,Not recorded,Not recorded,No later-stage record,No stage record,No stage record,Excluded at title/abstract,Source decision or paired Exclude tags
P0246,"AI as Cognitive Models in Education: Theory, Synthesis, and Mechanistic Insight",,1,Exclude,No later-stage record,No stage record,Not recorded,Not recorded,No later-stage record,No stage record,No stage record,Excluded at title/abstract,Source decision or paired Exclude tags
P0247,AI-VQA: Visual Question Answering based on Agent Interaction with Interpretability,10.1145/3503161.3548387,1,Exclude,No later-stage record,No stage record,Not recorded,Not recorded,No later-stage record,No stage record,No stage record,Excluded at title/abstract,Source decision or paired Exclude tags
P0248,Accelerating Sparse Autoencoder Training via Layer-Wise Transfer Learning in Large Language Models,,1,Exclude,No later-stage record,No stage record,Not recorded,Not recorded,No later-stage record,No stage record,No stage record,Excluded at title/abstract,Source decision or paired Exclude tags
P0249,Accurate in silico simulation of the rabbit Purkinje fiber electrophysiological assay to facilitate early pharmaceutical cardiosafety assessment: Dream or reality?,10.1016/j.vascn.2022.107172,1,Exclude,No later-stage record,No stage record,Not recorded,Not recorded,No later-stage record,No stage record,No stage record,Excluded at title/abstract,Source decision or paired Exclude tags
P0250,Activation Matching for Explanation Generation and Circuit Discovery,,1,Exclude,No later-stage record,No stage record,Not recorded,Not recorded,No later-stage record,No stage record,No stage record,Excluded at title/abstract,Source decision or paired Exclude tags
P0251,Activation Steering in Generative Settings via Contrastive Causal Mediation Analysis,,1,Exclude,No later-stage record,No stage record,Not recorded,Not recorded,No later-stage record,No stage record,No stage record,Excluded at title/abstract,Source decision or paired Exclude tags
P0252,Active Causal Hypothesis Testing for AI-Guided Drug Target Discovery,,1,Exclude,No later-stage record,No stage record,Not recorded,Not recorded,No later-stage record,No stage record,No stage record,Excluded at title/abstract,Source decision or paired Exclude tags
P0253,Adaptive Explanations via Direct Preference Optimization,10.1609/aaaiss.v7i1.36940,1,Exclude,No later-stage record,No stage record,Not recorded,Not recorded,No later-stage record,No stage record,No stage record,Excluded at title/abstract,Source decision or paired Exclude tags
P0254,Advancing Workload Management with Foundational Models: Challenges in Time Series Similarity and Interpretability,10.1145/3737412.3743491,1,Exclude,No later-stage record,No stage record,Not recorded,Not recorded,No later-stage record,No stage record,No stage record,Excluded at title/abstract,Source decision or paired Exclude tags
P0255,Adversarial attacks on the interpretation of neuron activation maximization,10.1609/aaai.v38i5.28228,1,Exclude,No later-stage record,No stage record,Not recorded,Not recorded,No later-stage record,No stage record,No stage record,Excluded at title/abstract,Source decision or paired Exclude tags
P0256,An Empirical Comparison of Code Generation Approaches for Ansible,,1,Exclude,No later-stage record,No stage record,Not recorded,Not recorded,No later-stage record,No stage record,No stage record,Excluded at title/abstract,Source decision or paired Exclude tags
P0257,An Evaluation of High-Level Mechanistic Core Models,10.1145/2629677,1,Exclude,No later-stage record,No stage record,Not recorded,Not recorded,No later-stage record,No stage record,No stage record,Excluded at title/abstract,Source decision or paired Exclude tags
P0258,An Explainable Multimodal Artificial Intelligence Model Integrating Histopathological Microenvironment and EHR Phenotypes for Germline Genetic Testing in Breast Cancer,10.1002/advs.202502833,1,Exclude,No later-stage record,No stage record,Not recorded,Not recorded,No later-stage record,No stage record,No stage record,Excluded at title/abstract,Source decision or paired Exclude tags
P0259,An Exploratory Study on How Non-Determinism in Large Language Models Affects Log Parsing,,1,Exclude,No later-stage record,No stage record,Not recorded,Not recorded,No later-stage record,No stage record,No stage record,Excluded at title/abstract,Source decision or paired Exclude tags
P0260,An in vitro and in silico investigation of human pregnane X receptor agonistic activity of poly- and perfluorinated compounds using the heuristic method-best subset and comparative similarity indices analysis,10.1016/j.chemosphere.2019.124789,1,Exclude,No later-stage record,No stage record,Not recorded,Not recorded,No later-stage record,No stage record,No stage record,Excluded at title/abstract,Source decision or paired Exclude tags
P0261,Are Mechanistic and Statistical QSAR Approaches Really Different? MLR Studies on 158 Cycloalkyl-Pyranones,10.1002/minf.201000011,1,Exclude,No later-stage record,No stage record,Not recorded,Not recorded,No later-stage record,No stage record,No stage record,Excluded at title/abstract,Source decision or paired Exclude tags
P0262,Artificial intelligence for posterior capsule opacification,10.3389/fmed.2025.1695525,1,Exclude,No later-stage record,No stage record,Not recorded,Not recorded,No later-stage record,No stage record,No stage record,Excluded at title/abstract,Source decision or paired Exclude tags
P0263,"As large language models (LLMs) advance in their linguistic capacity, understanding how they capture aspects of language competence remains a significant challenge. This study therefore employs psycholinguistic paradigms in English, which are well-suited for probing deeper cognitive aspects of language processing, to explore neuron-level representations in language model across three tasks: soundshape association, sound-gender association, and implicit causality. Our findings indicate that while GPT-2-XL struggles with the soundshape task, it demonstrates human-like abilities in both sound-gender association and implicit causality. Targeted neuron ablation and activation manipulation reveal a crucial relationship: When GPT-2-XL displays a linguistic ability, specific neurons correspond to that competence; conversely, the absence of such an ability indicates a lack of specialized neurons. This study is the first to utilize psycholinguistic experiments to investigate deep language competence at the neuron level, providing a new level of granularity in model interpretability and insights into the internal mechanisms driving language ability in the transformer-based LLM.",,1,Exclude,No later-stage record,No stage record,Not recorded,Not recorded,No later-stage record,No stage record,No stage record,Excluded at title/abstract,Source decision or paired Exclude tags
P0264,Assured LLM-Based Software Engineering,,1,Exclude,No later-stage record,No stage record,Not recorded,Not recorded,No later-stage record,No stage record,No stage record,Excluded at title/abstract,Source decision or paired Exclude tags
P0265,AutoML and Interpretability: Powering the Machine Learning Revolution in Healthcare,10.1145/3412815.3416879,1,Exclude,No later-stage record,No stage record,Not recorded,Not recorded,No later-stage record,No stage record,No stage record,Excluded at title/abstract,Source decision or paired Exclude tags
P0266,Axiomatic Causal Interventions for Reverse Engineering Relevance Computation in Neural Retrieval Models,10.1145/3626772.3657841,1,Exclude,No later-stage record,No stage record,Not recorded,Not recorded,No later-stage record,No stage record,No stage record,Excluded at title/abstract,Source decision or paired Exclude tags
P0267,Axiomatic Interpretability for Multiclass Additive Models,10.1145/3292500.3330898,1,Exclude,No later-stage record,No stage record,Not recorded,Not recorded,No later-stage record,No stage record,No stage record,Excluded at title/abstract,Source decision or paired Exclude tags
P0268,Balancing efficiency and interpretability in an interactive statistical assistant,10.1145/604045.604074,1,Exclude,No later-stage record,No stage record,Not recorded,Not recorded,No later-stage record,No stage record,No stage record,Excluded at title/abstract,Source decision or paired Exclude tags
P0269,Balancing the Tradeoff Between Clustering Value and Interpretability,10.1145/3375627.3375843,1,Exclude,No later-stage record,No stage record,Not recorded,Not recorded,No later-stage record,No stage record,No stage record,Excluded at title/abstract,Source decision or paired Exclude tags
P0270,Benchmarking Machine Learning Models for HIV-1 Protease Inhibitor Resistance Prediction: Impact of Data Set Construction and Feature Representation,10.1021/acs.jcim.5c01544,1,Exclude,No later-stage record,No stage record,Not recorded,Not recorded,No later-stage record,No stage record,No stage record,Excluded at title/abstract,Source decision or paired Exclude tags
P0271,Beyond ALT flares: rethinking immune activation and mechanistic interpretation in bepirovirsen-treated chronic hepatitis B,10.1007/s12072-025-10959-4,1,Exclude,No later-stage record,No stage record,Not recorded,Not recorded,No later-stage record,No stage record,No stage record,Excluded at title/abstract,Source decision or paired Exclude tags
P0272,Beyond Accuracy: Evaluating Source Code Capabilities in Large Language Models for Software Engineering,10.1145/3639478.3639815,1,Exclude,No later-stage record,No stage record,Not recorded,Not recorded,No later-stage record,No stage record,No stage record,Excluded at title/abstract,Source decision or paired Exclude tags
P0273,Beyond Interpretability: Exploring the Comprehensibility of Adaptive Video Streaming through Large Language Models,10.1145/3746027.3755257,1,Exclude,No later-stage record,No stage record,Not recorded,Not recorded,No later-stage record,No stage record,No stage record,Excluded at title/abstract,Source decision or paired Exclude tags
P0274,Beyond Steering: Evaluating Fine-Grained and Multi-Concept Control in LLMs,,1,Exclude,No later-stage record,No stage record,Not recorded,Not recorded,No later-stage record,No stage record,No stage record,Excluded at title/abstract,Source decision or paired Exclude tags
P0275,Beyond model interpretability: socio-structural explanations in machine learning,10.1007/s00146-024-02056-1,2,Conflicting decisions,No later-stage record,No stage record,Not recorded,Not recorded,No later-stage record,No stage record,No stage record,Background only,Author background assignment; historical stage fields unchanged
P0276,Beyond transcription: Mechanistic interpretability in asr,,1,Exclude,No later-stage record,No stage record,Not recorded,Not recorded,No later-stage record,No stage record,No stage record,Excluded at title/abstract,Source decision or paired Exclude tags
P0277,Bilinear Convolution Decomposition for Causal RL Interpretability,,1,Exclude,No later-stage record,No stage record,Not recorded,Not recorded,No later-stage record,No stage record,No stage record,Excluded at title/abstract,Source decision or paired Exclude tags
P0278,Boosting interpretability of non-readable deep learning forecasts: the case of buildings' energy consumptions prediction,10.1145/3538637.3538754,1,Exclude,No later-stage record,No stage record,Not recorded,Not recorded,No later-stage record,No stage record,No stage record,Excluded at title/abstract,Source decision or paired Exclude tags
P0279,"Bridging Trustworthiness and Open-World Learning: An Exploratory Neural Approach for Enhancing Interpretability, Generalization, and Robustness",10.1145/3581783.3612352,1,Exclude,No later-stage record,No stage record,Not recorded,Not recorded,No later-stage record,No stage record,No stage record,Excluded at title/abstract,Source decision or paired Exclude tags
P0280,Bridging the Black Box: A Survey on Mechanistic Interpretability in AI,,1,Include,No later-stage record,No stage record,Not recorded,Not recorded,No later-stage record,No stage record,No stage record,Background only,Author background assignment; historical stage fields unchanged
P0281,Bridging the Rift: A Critical Perspective on the Divergence in Group Recommender Systems Research,10.1145/3708319.3733658,1,Exclude,No later-stage record,No stage record,Not recorded,Not recorded,No later-stage record,No stage record,No stage record,Excluded at title/abstract,Source decision or paired Exclude tags
P0282,"Building interpretable, trust-worthy systems for neural signal decoding",,1,Exclude,No later-stage record,No stage record,Not recorded,Not recorded,No later-stage record,No stage record,No stage record,Excluded at title/abstract,Source decision or paired Exclude tags
P0283,CBM-RAG: Demonstrating Enhanced Interpretability in Radiology Report Generation with Multi-Agent RAG and Concept Bottleneck Models,10.1145/3731406.3731970,1,Exclude,No later-stage record,No stage record,Not recorded,Not recorded,No later-stage record,No stage record,No stage record,Excluded at title/abstract,Source decision or paired Exclude tags
P0284,Can Interpretability of Deep Learning Models Detect Textual Adversarial Distribution?,10.1145/3729235,2,Exclude,No later-stage record,No stage record,Not recorded,Not recorded,No later-stage record,No stage record,No stage record,Excluded at title/abstract,Source decision or paired Exclude tags
P0285,CauVQ: Causal Vector Quantization for Graph OOD Generalization,10.1609/aaai.v40i33.40070,1,Exclude,No later-stage record,No stage record,Not recorded,Not recorded,No later-stage record,No stage record,No stage record,Excluded at title/abstract,Source decision or paired Exclude tags
P0286,"Causal Interpretability for Machine Learning - Problems, Methods and Evaluation",10.1145/3400051.3400058,1,Exclude,No later-stage record,No stage record,Not recorded,Not recorded,No later-stage record,No stage record,No stage record,Excluded at title/abstract,Source decision or paired Exclude tags
P0287,Causal Process Mining: From Interpretability to Causal Explainability in Temporal Deviations,10.1145/3771678.3771681,1,Exclude,No later-stage record,No stage record,Not recorded,Not recorded,No later-stage record,No stage record,No stage record,Excluded at title/abstract,Source decision or paired Exclude tags
P0288,Causal tracing of object representations in large vision language models: Mechanistic interpretability and hallucination mitigation,,1,Exclude,No later-stage record,No stage record,Not recorded,Not recorded,No later-stage record,No stage record,No stage record,Excluded at title/abstract,Source decision or paired Exclude tags
P0289,Causality matters: How temporal information emerges in video language models,10.1609/aaai.v40i11.37856,1,Exclude,No later-stage record,No stage record,Not recorded,Not recorded,No later-stage record,No stage record,No stage record,Excluded at title/abstract,Source decision or paired Exclude tags
P0290,Closer to Biological Mechanism: Drug-Drug Interaction Prediction from the Perspective of Pharmacophore,10.1609/aaai.v40i25.39229,1,Exclude,No later-stage record,No stage record,Not recorded,Not recorded,No later-stage record,No stage record,No stage record,Excluded at title/abstract,Source decision or paired Exclude tags
P0291,Combining Physics-Based Protein-DNA Energetics with Machine Learning to Predict Interpretable Transcription Factor-DNA Binding,10.1021/acs.jcim.5c01143,1,Exclude,No later-stage record,No stage record,Not recorded,Not recorded,No later-stage record,No stage record,No stage record,Excluded at title/abstract,Source decision or paired Exclude tags
P0292,"Comparison Study of ANFIS, ANN, and RSM and Mechanistic Modeling for Chromium(VI) Removal Using Modified Cellulose Nanocrystals–Sodium Alginate (CNC–Alg)",10.1007/s13369-023-07968-6,1,Exclude,No later-stage record,No stage record,Not recorded,Not recorded,No later-stage record,No stage record,No stage record,Excluded at title/abstract,Source decision or paired Exclude tags
P0293,Competence-Based Analysis of Language Models,,1,Exclude,No later-stage record,No stage record,Not recorded,Not recorded,No later-stage record,No stage record,No stage record,Excluded at title/abstract,Source decision or paired Exclude tags
P0294,Computational Humor Modeling: A Survey on the State of the Art,10.1145/3778357,1,Exclude,No later-stage record,No stage record,Not recorded,Not recorded,No later-stage record,No stage record,No stage record,Excluded at title/abstract,Source decision or paired Exclude tags
P0295,Computer-Aided Optimization and Mechanistic Elucidation of the Peanut-Derived Peptides Preparation Process,10.1145/3747357.3747383,1,Exclude,No later-stage record,No stage record,Not recorded,Not recorded,No later-stage record,No stage record,No stage record,Excluded at title/abstract,Source decision or paired Exclude tags
P0296,Connectome-based modelling of neurodegenerative diseases: towards precision medicine and mechanistic insight,10.1038/s41583-023-00731-8,1,Exclude,No later-stage record,No stage record,Not recorded,Not recorded,No later-stage record,No stage record,No stage record,Excluded at title/abstract,Source decision or paired Exclude tags
P0297,Considerations of the nature of the relationship between generalization and interpretability in evolutionary fuzzy systems,10.1145/2001858.2001914,1,Exclude,No later-stage record,No stage record,Not recorded,Not recorded,No later-stage record,No stage record,No stage record,Excluded at title/abstract,Source decision or paired Exclude tags
P0298,Control and Predictivity in Neural Interpretability,,1,Exclude,No later-stage record,No stage record,Not recorded,Not recorded,No later-stage record,No stage record,No stage record,Excluded at title/abstract,Source decision or paired Exclude tags
P0299,"Controllable Epistemic Sensitivity in Large Language Models: Probing, Benchmarking, and Adaptive Reasoning",,1,Exclude,No later-stage record,No stage record,Not recorded,Not recorded,No later-stage record,No stage record,No stage record,Excluded at title/abstract,Source decision or paired Exclude tags
P0300,Coordination number prediction using learning classifier systems: performance and interpretability,10.1145/1143997.1144041,1,Exclude,No later-stage record,No stage record,Not recorded,Not recorded,No later-stage record,No stage record,No stage record,Excluded at title/abstract,Source decision or paired Exclude tags
P0301,Credit Behavior Scorecards Based on TabTransformer and Model Interpretability Exploring,10.1145/3727353.3727422,1,Exclude,No later-stage record,No stage record,Not recorded,Not recorded,No later-stage record,No stage record,No stage record,Excluded at title/abstract,Source decision or paired Exclude tags
P0302,Data-Driven Radiogenomic Approach for Deciphering Molecular Mechanisms Underlying Imaging Phenotypes in Lung Adenocarcinoma: A Pilot Study,10.3390/ijms24054947,1,Exclude,No later-stage record,No stage record,Not recorded,Not recorded,No later-stage record,No stage record,No stage record,Excluded at title/abstract,Source decision or paired Exclude tags
P0303,Decoupling Deep Learning for Enhanced Image Recognition Interpretability,10.1145/3674837,1,Exclude,No later-stage record,No stage record,Not recorded,Not recorded,No later-stage record,No stage record,No stage record,Excluded at title/abstract,Source decision or paired Exclude tags
P0304,Deep homo-heterogeneous association mining with hybrid scholars and multidimensional mixed moment networks: Embedding-Driven prediction of microbe-drug interactions,10.1016/j.compbiomed.2025.110694,1,Exclude,No later-stage record,No stage record,Not recorded,Not recorded,No later-stage record,No stage record,No stage record,Excluded at title/abstract,Source decision or paired Exclude tags
P0305,Deep neural networks for endemic measles dynamics: Comparative analysis and integration with mechanistic models,10.1371/journal.pcbi.1012616,1,Exclude,No later-stage record,No stage record,Not recorded,Not recorded,No later-stage record,No stage record,No stage record,Excluded at title/abstract,Source decision or paired Exclude tags
P0306,DeepRNA-DTI: a deep learning approach for RNA-compound interaction prediction with binding site interpretability,10.1186/s13321-025-01132-y,1,Maybe,No later-stage record,No stage record,Not recorded,Not recorded,No later-stage record,No stage record,No stage record,Excluded by author decision,Author exclusion; historical stage fields unchanged
P0307,Detecting Backdoors with Meta-Models,,1,Exclude,No later-stage record,No stage record,Not recorded,Not recorded,No later-stage record,No stage record,No stage record,Excluded at title/abstract,Source decision or paired Exclude tags
P0308,"Determination of ""fitness-for-purpose"" of quantitative structure-activity relationship (QSAR) models to predict (eco-)toxicological endpoints for regulatory use",10.1016/j.yrtph.2021.104956,1,Exclude,No later-stage record,No stage record,Not recorded,Not recorded,No later-stage record,No stage record,No stage record,Excluded at title/abstract,Source decision or paired Exclude tags
P0309,Development of multiple QSAR models for consensus predictions and unified mechanistic interpretations of the free-radical scavenging activities of chromone derivatives,10.1007/s00894-011-1198-x,1,Exclude,No later-stage record,No stage record,Not recorded,Not recorded,No later-stage record,No stage record,No stage record,Excluded at title/abstract,Source decision or paired Exclude tags
P0310,Do transformer interpretability methods transfer to RNNs?,,1,Exclude,No later-stage record,No stage record,Not recorded,Not recorded,No later-stage record,No stage record,No stage record,Excluded at title/abstract,Source decision or paired Exclude tags
P0311,Docking and QSAR study on the binding interactions between polycyclic aromatic hydrocarbons and estrogen receptor,10.1016/j.ecoenv.2012.03.009,1,Exclude,No later-stage record,No stage record,Not recorded,Not recorded,No later-stage record,No stage record,No stage record,Excluded at title/abstract,Source decision or paired Exclude tags
P0312,Domain Level Interpretability: Interpreting Black-box Model with Domain-specific Embedding,10.1145/3616855.3635688,1,Not recorded,No later-stage record,No stage record,Not recorded,Not recorded,No later-stage record,No stage record,No stage record,Not included; closure not recorded,No completed later-stage disposition recorded
P0313,Dynamic modelling of signalling pathways when ordinary differential equations are not feasible,10.1093/bioinformatics/btae683,1,Exclude,No later-stage record,No stage record,Not recorded,Not recorded,No later-stage record,No stage record,No stage record,Excluded at title/abstract,Source decision or paired Exclude tags
P0314,DysRegSig: an R package for identifying gene dysregulations and building mechanistic signatures in cancer,10.1093/bioinformatics/btaa688,1,Exclude,No later-stage record,No stage record,Not recorded,Not recorded,No later-stage record,No stage record,No stage record,Excluded at title/abstract,Source decision or paired Exclude tags
P0315,"EMT, CSCs, and drug resistance: the mechanistic link and clinical implications",10.1038/nrclinonc.2017.44,1,Exclude,No later-stage record,No stage record,Not recorded,Not recorded,No later-stage record,No stage record,No stage record,Excluded at title/abstract,Source decision or paired Exclude tags
P0316,EXS: Explainable Search Using Local Model Agnostic Interpretability,10.1145/3289600.3290620,1,Exclude,No later-stage record,No stage record,Not recorded,Not recorded,No later-stage record,No stage record,No stage record,Excluded at title/abstract,Source decision or paired Exclude tags
P0317,Easing Optimization Paths: a Circuit Perspective,10.1109/icassp49660.2025.10888894,1,Exclude,No later-stage record,No stage record,Not recorded,Not recorded,No later-stage record,No stage record,No stage record,Excluded at title/abstract,Source decision or paired Exclude tags
P0318,Eco-friendly Lead Adsorption with Marine Microalgae: Mechanistic and Performance Insights,10.1007/s41742-025-00899-0,1,Exclude,No later-stage record,No stage record,Not recorded,Not recorded,No later-stage record,No stage record,No stage record,Excluded at title/abstract,Source decision or paired Exclude tags
P0319,Effect of (Poly)phenols on Lipid and Glucose Metabolisms in 3T3-L1 Adipocytes: an Integrated Analysis of Mechanistic Approaches,10.1007/s13679-025-00656-6,1,Exclude,No later-stage record,No stage record,Not recorded,Not recorded,No later-stage record,No stage record,No stage record,Excluded at title/abstract,Source decision or paired Exclude tags
P0320,Efficient Transcoder Adaptation for Fine-Tuned Models: Revealing Medical Reasoning Mechanisms in Large Language Models,,1,Exclude,No later-stage record,No stage record,Not recorded,Not recorded,No later-stage record,No stage record,No stage record,Excluded at title/abstract,Source decision or paired Exclude tags
P0321,Efficient XAI: A Low-Cost Data Reduction Approach to SHAP Interpretability,10.1613/jair.1.18325,1,Exclude,No later-stage record,No stage record,Not recorded,Not recorded,No later-stage record,No stage record,No stage record,Excluded at title/abstract,Source decision or paired Exclude tags
P0322,Embedding Shift Dissection on CLIP: Effects of Augmentations on VLM's Representation Learning,10.1109/cvprw67362.2025.00469,1,Exclude,No later-stage record,No stage record,Not recorded,Not recorded,No later-stage record,No stage record,No stage record,Excluded at title/abstract,Source decision or paired Exclude tags
P0323,Empirical Evidence for Alignment Faking in a Small LLM and Prompt-Based Mitigation Techniques,10.1609/aaaiss.v7i1.36887,1,Exclude,No later-stage record,No stage record,Not recorded,Not recorded,No later-stage record,No stage record,No stage record,Excluded at title/abstract,Source decision or paired Exclude tags
P0324,Enhancing Interpretability and Effectiveness in Recommendation with Numerical Features via Learning to Contrast the Counterfactual samples,10.1145/3589335.3648345,1,Exclude,No later-stage record,No stage record,Not recorded,Not recorded,No later-stage record,No stage record,No stage record,Excluded at title/abstract,Source decision or paired Exclude tags
P0325,Enhancing Interpretability of Electrical Load Forecasting with Architecture Optimization,10.1145/3603287.3651198,1,Not recorded,No later-stage record,No stage record,Not recorded,Not recorded,No later-stage record,No stage record,No stage record,Not included; closure not recorded,No completed later-stage disposition recorded
P0326,Enhancing Interpretability of Graph Convolutional Networks for Multi-view Learning,10.1145/3780098,1,Exclude,No later-stage record,No stage record,Not recorded,Not recorded,No later-stage record,No stage record,No stage record,Excluded at title/abstract,Source decision or paired Exclude tags
P0327,Enhancing Logical Consistency in Language Models through Neuro-Symbolic Feedback and Structured Reasoning,,1,Exclude,No later-stage record,No stage record,Not recorded,Not recorded,No later-stage record,No stage record,No stage record,Excluded at title/abstract,Source decision or paired Exclude tags
P0328,Enhancing Model Interpretability with Local Attribution over Global Exploration,10.1145/3664647.3681385,1,Exclude,No later-stage record,No stage record,Not recorded,Not recorded,No later-stage record,No stage record,No stage record,Excluded at title/abstract,Source decision or paired Exclude tags
P0329,"Enhancing Security Insights with KnowGen-RAG: Combining Knowledge Graphs, LLMs, and Multimodal Interpretability",10.1145/3716815.3729012,1,Exclude,No later-stage record,No stage record,Not recorded,Not recorded,No later-stage record,No stage record,No stage record,Excluded at title/abstract,Source decision or paired Exclude tags
P0330,Enterprise Financial Distress Prediction Based on Machine Learning and SHAP Interpretability Analysis,10.1145/3764727.3764740,1,Exclude,No later-stage record,No stage record,Not recorded,Not recorded,No later-stage record,No stage record,No stage record,Excluded at title/abstract,Source decision or paired Exclude tags
P0331,Evaluating LLMs on Syllogistic Reasoning: A Human–Model Accuracy Comparison under Premise Order Effects,,1,Exclude,No later-stage record,No stage record,Not recorded,Not recorded,No later-stage record,No stage record,No stage record,Excluded at title/abstract,Source decision or paired Exclude tags
P0332,Explainability and Interpretability in Agent based Modelling to Approximate Market Indexes,10.1145/3589883.3589904,1,Exclude,No later-stage record,No stage record,Not recorded,Not recorded,No later-stage record,No stage record,No stage record,Excluded at title/abstract,Source decision or paired Exclude tags
P0333,Explainability for Large Language Models: A Survey,10.1145/3639372,1,Exclude,No later-stage record,No stage record,Not recorded,Not recorded,No later-stage record,No stage record,No stage record,Excluded at title/abstract,Source decision or paired Exclude tags
P0334,Explainable Embodied Agents Through Social Cues: A Review,10.1145/3457188,1,Exclude,No later-stage record,No stage record,Not recorded,Not recorded,No later-stage record,No stage record,No stage record,Excluded at title/abstract,Source decision or paired Exclude tags
P0335,Explaining AI through mechanistic interpretability,10.1007/s13194-024-00614-4,1,Exclude,No later-stage record,No stage record,Not recorded,Not recorded,No later-stage record,No stage record,No stage record,Excluded at title/abstract,Source decision or paired Exclude tags
P0336,Explaining Artificial Intelligence Generation and Creativity: Human interpretability for novel ideas and artifacts,,1,Include,No later-stage record,No stage record,Not recorded,Not recorded,No later-stage record,No stage record,No stage record,Background only,Author background assignment; historical stage fields unchanged
P0337,Explaining Recommendations: Fidelity versus Interpretability,10.1145/3126858.3133312,1,Exclude,No later-stage record,No stage record,Not recorded,Not recorded,No later-stage record,No stage record,No stage record,Excluded at title/abstract,Source decision or paired Exclude tags
P0338,Explanation Mining: Post Hoc Interpretability of Latent Factor Models for Recommendation Systems,10.1145/3219819.3220072,1,Exclude,No later-stage record,No stage record,Not recorded,Not recorded,No later-stage record,No stage record,No stage record,Excluded at title/abstract,Source decision or paired Exclude tags
P0339,Exploring Collaboration Patterns and Strategies in Human-AI Co-creation through the Lens of Agency: A Scoping Review of the Top-tier HCI Literature,10.1145/3757594,1,Exclude,No later-stage record,No stage record,Not recorded,Not recorded,No later-stage record,No stage record,No stage record,Excluded at title/abstract,Source decision or paired Exclude tags
P0340,Exploring Interpretability in Open Government Data with ChatGPT,10.1145/3657054.3657079,1,Exclude,No later-stage record,No stage record,Not recorded,Not recorded,No later-stage record,No stage record,No stage record,Excluded at title/abstract,Source decision or paired Exclude tags
P0341,Exploring depth generalization in large language models for solving recursive logic tasks,10.1609/aaai.v40i37.40359,1,Exclude,No later-stage record,No stage record,Not recorded,Not recorded,No later-stage record,No stage record,No stage record,Excluded at title/abstract,Source decision or paired Exclude tags
P0342,Exploring the druggable space around the Fanconi anemia pathway using machine learning and mechanistic models,10.1186/s12859-019-2969-0,1,Exclude,No later-stage record,No stage record,Not recorded,Not recorded,No later-stage record,No stage record,No stage record,Excluded at title/abstract,Source decision or paired Exclude tags
P0343,Exploring the interpretability in speech-based adolescent depression detection by SHAP,10.1145/3638884.3638972,1,Exclude,No later-stage record,No stage record,Not recorded,Not recorded,No later-stage record,No stage record,No stage record,Excluded at title/abstract,Source decision or paired Exclude tags
P0344,Extracting interpretable task-specific circuits from large language models for faster inference,,1,Exclude,No later-stage record,No stage record,Not recorded,Not recorded,No later-stage record,No stage record,No stage record,Excluded at title/abstract,Source decision or paired Exclude tags
P0345,Feature interactions in sparse crosscoders from compact proofs,,1,Exclude,No later-stage record,No stage record,Not recorded,Not recorded,No later-stage record,No stage record,No stage record,Excluded at title/abstract,Source decision or paired Exclude tags
P0346,Filtered circular fingerprints improve either prediction or runtime performance while retaining interpretability,10.1186/s13321-016-0173-z,1,Exclude,No later-stage record,No stage record,Not recorded,Not recorded,No later-stage record,No stage record,No stage record,Excluded at title/abstract,Source decision or paired Exclude tags
P0347,Finding Consensus from AI Alignment Studies: A Short Survey,,1,Exclude,No later-stage record,No stage record,Not recorded,Not recorded,No later-stage record,No stage record,No stage record,Excluded at title/abstract,Source decision or paired Exclude tags
P0348,First report of q-RASAR modeling toward an approach of easy interpretability and efficient transferability,10.1007/s11030-022-10478-6,1,Exclude,No later-stage record,No stage record,Not recorded,Not recorded,No later-stage record,No stage record,No stage record,Excluded at title/abstract,Source decision or paired Exclude tags
P0349,Forecasting Seasonal Influenza Fusing Digital Indicators and a Mechanistic Disease Model,10.1145/3038912.3052678,1,Exclude,No later-stage record,No stage record,Not recorded,Not recorded,No later-stage record,No stage record,No stage record,Excluded at title/abstract,Source decision or paired Exclude tags
P0350,Frontiers of Self-Attention and Artificial Consciousness,,1,Exclude,No later-stage record,No stage record,Not recorded,Not recorded,No later-stage record,No stage record,No stage record,Excluded at title/abstract,Source decision or paired Exclude tags
P0351,Frozen in the Middle: Hidden States Remain Unchanged Across Intermediate Layers of Language Models,10.1145/3746252.3760890,1,Exclude,No later-stage record,No stage record,Not recorded,Not recorded,No later-stage record,No stage record,No stage record,Excluded at title/abstract,Source decision or paired Exclude tags
P0352,GPT-4o and the quest for machine learning interpretability in ICU risk of death prediction,10.1186/s12911-025-03224-z,1,Exclude,No later-stage record,No stage record,Not recorded,Not recorded,No later-stage record,No stage record,No stage record,Excluded at title/abstract,Source decision or paired Exclude tags
P0353,Gene dysregulation analysis builds a mechanistic signature for prognosis and therapeutic benefit in colorectal cancer,10.1093/jmcb/mjaa041,1,Exclude,No later-stage record,No stage record,Not recorded,Not recorded,No later-stage record,No stage record,No stage record,Excluded at title/abstract,Source decision or paired Exclude tags
P0354,Generalizable AI predicts immunotherapy outcomes across cancers and treatments,10.1101/2025.05.01.25326820,1,Not recorded,No later-stage record,No stage record,Not recorded,Not recorded,No later-stage record,No stage record,No stage record,Excluded by author decision,Author exclusion; historical stage fields unchanged
P0355,Graph Self-attention Mechanism for Interpretable Multi-hop Knowledge Graph Link Prediction,10.1145/3737702,1,Exclude,No later-stage record,No stage record,Not recorded,Not recorded,No later-stage record,No stage record,No stage record,Excluded at title/abstract,Source decision or paired Exclude tags
P0356,Grokking modular arithmetic can be explained by margin maximization,,1,Exclude,No later-stage record,No stage record,Not recorded,Not recorded,No later-stage record,No stage record,No stage record,Excluded at title/abstract,Source decision or paired Exclude tags
P0357,"HOW CAPABLE CAN A TRANSFORMER BECOME? A STUDY ON SYNTHETIC, INTERPRETABLE TASKS",,1,Exclude,No later-stage record,No stage record,Not recorded,Not recorded,No later-stage record,No stage record,No stage record,Excluded at title/abstract,Source decision or paired Exclude tags
P0358,"Harnessing Machine Learning Approaches for the Identification, Characterization, and Optimization of Novel Antimicrobial Peptides",10.3390/antibiotics14121263,1,Exclude,No later-stage record,No stage record,Not recorded,Not recorded,No later-stage record,No stage record,No stage record,Excluded at title/abstract,Source decision or paired Exclude tags
P0359,Hidden Layer Interaction: A Technique to Explore the Material of Generative AI,10.1145/3715336.3735437,1,Exclude,No later-stage record,No stage record,Not recorded,Not recorded,No later-stage record,No stage record,No stage record,Excluded at title/abstract,Source decision or paired Exclude tags
P0360,House Price Prediction and Interpretability Analysis Based on Automated Machine Learning,10.1145/3778450.3778468,1,Exclude,No later-stage record,No stage record,Not recorded,Not recorded,No later-stage record,No stage record,No stage record,Excluded at title/abstract,Source decision or paired Exclude tags
P0361,How Bias Binds: Measuring Hidden Associations for Bias Control in Text-to-Image Compositions,10.1609/aaai.v40i44.41094,1,Exclude,No later-stage record,No stage record,Not recorded,Not recorded,No later-stage record,No stage record,No stage record,Excluded at title/abstract,Source decision or paired Exclude tags
P0362,How Does Chain of Thought Think? Mechanistic Interpretability of Chain-of-Thought Reasoning with Sparse Autoencoding,,1,Exclude,No later-stage record,No stage record,Not recorded,Not recorded,No later-stage record,No stage record,No stage record,Excluded at title/abstract,Source decision or paired Exclude tags
P0363,How does alignment enhance llms' multilingual capabilities? a language neurons perspective,,1,Exclude,No later-stage record,No stage record,Not recorded,Not recorded,No later-stage record,No stage record,No stage record,Excluded at title/abstract,Source decision or paired Exclude tags
P0364,Ice-FMBench A Foundation Model Benchmark for Sea Ice Type Segmentation,10.1145/3764922.3771202,1,Exclude,No later-stage record,No stage record,Not recorded,Not recorded,No later-stage record,No stage record,No stage record,Excluded at title/abstract,Source decision or paired Exclude tags
P0365,IceQream: Quantitative chromosome accessibility analysis using physical TF models,10.1038/s41467-025-63925-x,1,Exclude,No later-stage record,No stage record,Not recorded,Not recorded,No later-stage record,No stage record,No stage record,Excluded at title/abstract,Source decision or paired Exclude tags
P0366,Identification of ARGLU1 as a potential therapeutic target for gastric cancer based on genome-wide functional screening data,10.1016/j.ebiom.2021.103436,1,Exclude,No later-stage record,No stage record,Not recorded,Not recorded,No later-stage record,No stage record,No stage record,Excluded at title/abstract,Source decision or paired Exclude tags
P0367,Improving Interpretability and Regularization in Deep Learning,10.1109/taslp.2017.2774919,1,Exclude,No later-stage record,No stage record,Not recorded,Not recorded,No later-stage record,No stage record,No stage record,Excluded at title/abstract,Source decision or paired Exclude tags
P0368,"Improving the accuracy, adaptability, and interpretability of SSD failure prediction models",10.1145/3419111.3421300,1,Exclude,No later-stage record,No stage record,Not recorded,Not recorded,No later-stage record,No stage record,No stage record,Excluded at title/abstract,Source decision or paired Exclude tags
P0369,Improving the interpretability of classification rules discovered by an ant colony algorithm: Extended results,10.1145/2463372.2463382,2,Exclude,No later-stage record,No stage record,Not recorded,Not recorded,No later-stage record,No stage record,No stage record,Excluded at title/abstract,Source decision or paired Exclude tags
P0370,Imputation Matters: Evaluating the Impact of Missing Data Strategies on Interpretability in Clinical Time Series Models,10.1145/3714394.3756301,1,Exclude,No later-stage record,No stage record,Not recorded,Not recorded,No later-stage record,No stage record,No stage record,Excluded at title/abstract,Source decision or paired Exclude tags
P0371,In search of coherence and consensus: measuring the interpretability of statistical topics,10.5555/3122009.3242026,1,Exclude,No later-stage record,No stage record,Not recorded,Not recorded,No later-stage record,No stage record,No stage record,Excluded at title/abstract,Source decision or paired Exclude tags
P0372,In silico characterization of aryl benzoyl hydrazide derivatives as potential inhibitors of RdRp enzyme of H5N1 influenza virus,10.3389/fphar.2022.1004255,1,Exclude,No later-stage record,No stage record,Not recorded,Not recorded,No later-stage record,No stage record,No stage record,Excluded at title/abstract,Source decision or paired Exclude tags
P0373,In-Context Linear Regression Demystified: Training Dynamics and Mechanistic Interpretability of Multi-Head Softmax Attention,,1,Exclude,No later-stage record,No stage record,Not recorded,Not recorded,No later-stage record,No stage record,No stage record,Excluded at title/abstract,Source decision or paired Exclude tags
P0374,"In-depth Analysis, Model Optimization, and Interpretability of Heart Disease Risk Factors Using Machine Learning and Stacking Ensembles",10.1145/3759928.3759957,1,Exclude,No later-stage record,No stage record,Not recorded,Not recorded,No later-stage record,No stage record,No stage record,Excluded at title/abstract,Source decision or paired Exclude tags
P0375,Incentive-Compatible Truthfulness: Engineering Rationality in Adversarial LLM Consensus via Reinforcement Learning from Market Signals (RLMS),,1,Exclude,No later-stage record,No stage record,Not recorded,Not recorded,No later-stage record,No stage record,No stage record,Excluded at title/abstract,Source decision or paired Exclude tags
P0376,Incorporating Interpretability into Latent Factor Models via Fast Influence Analysis,10.1145/3292500.3330857,1,Exclude,No later-stage record,No stage record,Not recorded,Not recorded,No later-stage record,No stage record,No stage record,Excluded at title/abstract,Source decision or paired Exclude tags
P0377,Incorporation of Data-Mined Knowledge into Black-Box SVM for Interpretability,10.1145/3548775,1,Exclude,No later-stage record,No stage record,Not recorded,Not recorded,No later-stage record,No stage record,No stage record,Excluded at title/abstract,Source decision or paired Exclude tags
P0378,Individual models of color differentiation to improve interpretability of information visualization,10.1145/1753326.1753715,1,Exclude,No later-stage record,No stage record,Not recorded,Not recorded,No later-stage record,No stage record,No stage record,Excluded at title/abstract,Source decision or paired Exclude tags
P0379,Inferring gene regulatory networks from single-cell data: a mechanistic approach,10.1186/s12918-017-0487-0,1,Exclude,No later-stage record,No stage record,Not recorded,Not recorded,No later-stage record,No stage record,No stage record,Excluded at title/abstract,Source decision or paired Exclude tags
P0380,"InteNSE '24: Proceedings of the ACM/IEEE 2nd International Workshop on Interpretability, Robustness, and Benchmarking in Neural Software Engineering",,1,Not recorded,No later-stage record,No stage record,Not recorded,Not recorded,No later-stage record,No stage record,No stage record,Not included; closure not recorded,No completed later-stage disposition recorded
P0381,Integrating Epidemiological Data into a Mechanistic Model of Type 2 Diabetes: Validating the Prevalence of Virtual Patients,10.1007/s10439-007-9410-y,1,Exclude,No later-stage record,No stage record,Not recorded,Not recorded,No later-stage record,No stage record,No stage record,Excluded at title/abstract,Source decision or paired Exclude tags
P0382,Integration of methylation QTL and enhancer-target gene maps with schizophrenia GWAS summary results identifies novel genes,10.1093/bioinformatics/btz161,1,Exclude,No later-stage record,No stage record,Not recorded,Not recorded,No later-stage record,No stage record,No stage record,Excluded at title/abstract,Source decision or paired Exclude tags
P0383,Integrative modeling of eQTLs and cis-regulatory elements suggests mechanisms underlying cell type specificity of eQTLs,10.1371/journal.pgen.1003649,1,Exclude,No later-stage record,No stage record,Not recorded,Not recorded,No later-stage record,No stage record,No stage record,Excluded at title/abstract,Source decision or paired Exclude tags
P0384,Inter-HVI: Bridging Interpretability and Accuracy in Hypervalent Iodine Reactivity Prediction,10.1007/s10953-025-01509-5,1,Exclude,No later-stage record,No stage record,Not recorded,Not recorded,No later-stage record,No stage record,No stage record,Excluded at title/abstract,Source decision or paired Exclude tags
P0385,Interpretability Based Neural Network Repair,10.1145/3650212.3680330,1,Exclude,No later-stage record,No stage record,Not recorded,Not recorded,No later-stage record,No stage record,No stage record,Excluded at title/abstract,Source decision or paired Exclude tags
P0386,Interpretability and Effectiveness of Machine Learning Methods for Sequence Mining in Various Domains,10.1145/3437963.3441670,1,Exclude,No later-stage record,No stage record,Not recorded,Not recorded,No later-stage record,No stage record,No stage record,Excluded at title/abstract,Source decision or paired Exclude tags
P0387,Interpretability as Compression: Reconsidering SAE Explanations of Neural Activations,,1,Exclude,No later-stage record,No stage record,Not recorded,Not recorded,No later-stage record,No stage record,No stage record,Excluded at title/abstract,Source decision or paired Exclude tags
P0388,Interpretability at Scale: Identifying Causal Mechanisms in Alpaca,,1,Exclude,No later-stage record,No stage record,Not recorded,Not recorded,No later-stage record,No stage record,No stage record,Excluded at title/abstract,Source decision or paired Exclude tags
P0389,Interpretability based interest points detection,10.1145/1282280.1282285,1,Exclude,No later-stage record,No stage record,Not recorded,Not recorded,No later-stage record,No stage record,No stage record,Excluded at title/abstract,Source decision or paired Exclude tags
P0390,Interpretability is a Kind of Safety: An Interpreter-based Ensemble for Adversary Defense,10.1145/3394486.3403044,1,Exclude,No later-stage record,No stage record,Not recorded,Not recorded,No later-stage record,No stage record,No stage record,Excluded at title/abstract,Source decision or paired Exclude tags
P0391,Interpretability of BERT Latent Space through Knowledge Graphs,10.1145/3511808.3557617,1,Exclude,No later-stage record,No stage record,Not recorded,Not recorded,No later-stage record,No stage record,No stage record,Excluded at title/abstract,Source decision or paired Exclude tags
P0392,Interpretable Modeling and Reduction of Unknown Errors in Mechanistic Operators,10.1007/978-3-031-16452-1_44,1,Exclude,No later-stage record,No stage record,Not recorded,Not recorded,No later-stage record,No stage record,No stage record,Excluded at title/abstract,Source decision or paired Exclude tags
P0393,"Interpretable Semi-Mechanistic Fuzzy Models by Clustering, OLS and FIS Model Reduction",10.1007/978-3-540-37057-4_10,1,Exclude,No later-stage record,No stage record,Not recorded,Not recorded,No later-stage record,No stage record,No stage record,Excluded at title/abstract,Source decision or paired Exclude tags
P0394,Investigating Language Model Dynamics using Meta-Tokens,,1,Exclude,No later-stage record,No stage record,Not recorded,Not recorded,No later-stage record,No stage record,No stage record,Excluded at title/abstract,Source decision or paired Exclude tags
P0395,Investigating Representation Universality: Case Study on Genealogical Representations,,1,Exclude,No later-stage record,No stage record,Not recorded,Not recorded,No later-stage record,No stage record,No stage record,Excluded at title/abstract,Source decision or paired Exclude tags
P0396,Investigating causal understanding in LLMs,,1,Exclude,No later-stage record,No stage record,Not recorded,Not recorded,No later-stage record,No stage record,No stage record,Excluded at title/abstract,Source decision or paired Exclude tags
P0397,Investigating the interpretability of fetal status assessment using antepartum cardiotocographic records,10.1186/s12911-021-01714-4,1,Exclude,No later-stage record,No stage record,Not recorded,Not recorded,No later-stage record,No stage record,No stage record,Excluded at title/abstract,Source decision or paired Exclude tags
P0398,Investigating the interpretability of hidden layers in deep text mining,10.1145/3132218.3132240,1,Exclude,No later-stage record,No stage record,Not recorded,Not recorded,No later-stage record,No stage record,No stage record,Excluded at title/abstract,Source decision or paired Exclude tags
P0399,Isotopic topology hierarchy decoupling (ITHD): A new method for high-resolution gasoline source attribution and environmental forensics,10.1016/j.talanta.2025.129109,1,Exclude,No later-stage record,No stage record,Not recorded,Not recorded,No later-stage record,No stage record,No stage record,Excluded at title/abstract,Source decision or paired Exclude tags
P0400,It's okay to be wrong: recognizing mechanistic reasoning during student inquiry,10.5555/1150034.1150127,1,Exclude,No later-stage record,No stage record,Not recorded,Not recorded,No later-stage record,No stage record,No stage record,Excluded at title/abstract,Source decision or paired Exclude tags
P0401,Joint Data Imputation and Mechanistic Modelling for Simulating Heart-Brain Interactions in Incomplete Datasets,10.1007/978-3-030-59725-2_46,1,Exclude,No later-stage record,No stage record,Not recorded,Not recorded,No later-stage record,No stage record,No stage record,Excluded at title/abstract,Source decision or paired Exclude tags
P0402,Joint knowledge editing for information enrichment and probability promotion,10.1609/aaai.v39i14.33663,1,Exclude,No later-stage record,No stage record,Not recorded,Not recorded,No later-stage record,No stage record,No stage record,Excluded at title/abstract,Source decision or paired Exclude tags
P0403,KPAR: Knowledge-aware Path-based Attentive Recommender with Interpretability,10.1145/3673243,1,Exclude,No later-stage record,No stage record,Not recorded,Not recorded,No later-stage record,No stage record,No stage record,Excluded at title/abstract,Source decision or paired Exclude tags
P0404,KnowThyself: An Agentic Assistant for LLM Interpretability,,1,Exclude,No later-stage record,No stage record,Not recorded,Not recorded,No later-stage record,No stage record,No stage record,Excluded at title/abstract,Source decision or paired Exclude tags
P0405,Knowledge-augmented Graph Machine Learning for Drug Discovery: From Precision to Interpretability,10.1145/3580305.3599563,1,Exclude,No later-stage record,No stage record,Not recorded,Not recorded,No later-stage record,No stage record,No stage record,Excluded at title/abstract,Source decision or paired Exclude tags
P0406,LLM-Integrated Representative Path Selection for Context-Aware Drug Repurposing on Biomedical Knowledge Graphs,,1,Exclude,No later-stage record,No stage record,Not recorded,Not recorded,No later-stage record,No stage record,No stage record,Excluded at title/abstract,Source decision or paired Exclude tags
P0407,Latent Crystallographic Microscope: Probing the Emergent Crystallographic Knowledge in Large Language Models,,1,Exclude,No later-stage record,No stage record,Not recorded,Not recorded,No later-stage record,No stage record,No stage record,Excluded at title/abstract,Source decision or paired Exclude tags
P0408,Latent Space Interpretation and Mechanistic Clipping of Subject-Specific Variational Autoencoders of EEG Topographic Maps for Artefacts Reduction,10.1007/978-3-032-08327-2_16,1,Exclude,No later-stage record,No stage record,Not recorded,Not recorded,No later-stage record,No stage record,No stage record,Excluded at title/abstract,Source decision or paired Exclude tags
P0409,"Learning Optimal Fair Decision Trees: Trade-offs Between Interpretability, Fairness, and Accuracy",10.1145/3600211.3604664,1,Exclude,No later-stage record,No stage record,Not recorded,Not recorded,No later-stage record,No stage record,No stage record,Excluded at title/abstract,Source decision or paired Exclude tags
P0410,Learning monosemantic features in multitask DNA regulatory sequence models via sparse autoencoder decomposition,,1,Exclude,No later-stage record,No stage record,Not recorded,Not recorded,No later-stage record,No stage record,No stage record,Excluded at title/abstract,Source decision or paired Exclude tags
P0411,Learning to Sort in Continuous Spaces: Neural Architectures and Iterative Training Strategies,10.23919/eusipco63237.2025.11226530,1,Exclude,No later-stage record,No stage record,Not recorded,Not recorded,No later-stage record,No stage record,No stage record,Excluded at title/abstract,Source decision or paired Exclude tags
P0412,Leveraging deep learning methods to enhance hydrological predictions and model interpretability,10.1145/3688671.3688788,1,Exclude,No later-stage record,No stage record,Not recorded,Not recorded,No later-stage record,No stage record,No stage record,Excluded at title/abstract,Source decision or paired Exclude tags
P0413,Linear Noise Approximation Assisted Bayesian Inference on Mechanistic Model of Partially Observed Stochastic Reaction Network,,1,Exclude,No later-stage record,No stage record,Not recorded,Not recorded,No later-stage record,No stage record,No stage record,Excluded at title/abstract,Source decision or paired Exclude tags
P0414,Logistic PCA explains differences between genome-scale metabolic models in terms of metabolic pathways,10.1371/journal.pcbi.1012236,1,Exclude,No later-stage record,No stage record,Not recorded,Not recorded,No later-stage record,No stage record,No stage record,Excluded at title/abstract,Source decision or paired Exclude tags
P0415,Loki: Low-damage knowledge implanting of large language models,10.1609/aaai.v40i39.40651,1,Exclude,No later-stage record,No stage record,Not recorded,Not recorded,No later-stage record,No stage record,No stage record,Excluded at title/abstract,Source decision or paired Exclude tags
P0416,Low-Sulfur Composite Reductants and Impurity Effect on Sulfur Dioxide Mitigation in Industrial Silicon Smelting: A Plant-Scale Mechanistic Study,10.1007/s40831-025-01276-z,1,Exclude,No later-stage record,No stage record,Not recorded,Not recorded,No later-stage record,No stage record,No stage record,Excluded at title/abstract,Source decision or paired Exclude tags
P0417,MEASURING STEERABILITY IN LARGE LANGUAGEMODELS,,1,Exclude,No later-stage record,No stage record,Not recorded,Not recorded,No later-stage record,No stage record,No stage record,Excluded at title/abstract,Source decision or paired Exclude tags
P0418,Machine Learning post-hoc interpretability: a systematic mapping study,10.1145/3535511.3535512,1,Exclude,No later-stage record,No stage record,Not recorded,Not recorded,No later-stage record,No stage record,No stage record,Excluded at title/abstract,Source decision or paired Exclude tags
P0419,Machine learning interpretability through contribution-value plots,10.1145/3430036.3430067,1,Exclude,No later-stage record,No stage record,Not recorded,Not recorded,No later-stage record,No stage record,No stage record,Excluded at title/abstract,Source decision or paired Exclude tags
P0420,Machine learning-based models to predict aquatic ecological risk for engineered nanoparticles: using hazard concentration for 5% of species as an endpoint,10.1007/s11356-024-32723-1,1,Exclude,No later-stage record,No stage record,Not recorded,Not recorded,No later-stage record,No stage record,No stage record,Excluded at title/abstract,Source decision or paired Exclude tags
P0421,Materializing Interpretability: Exploring Meaning in Algorithmic Systems,10.1145/3301019.3323900,1,Exclude,No later-stage record,No stage record,Not recorded,Not recorded,No later-stage record,No stage record,No stage record,Excluded at title/abstract,Source decision or paired Exclude tags
P0422,Mechanistic Analytical Modeling of Superscalar In-Order Processor Performance,10.1145/2678277,1,Exclude,No later-stage record,No stage record,Not recorded,Not recorded,No later-stage record,No stage record,No stage record,Excluded at title/abstract,Source decision or paired Exclude tags
P0423,"Mechanistic Insights Regarding the Role of Skin Effect in Pulsed Current Cathodic Protection: Experimental Studies, ML Modeling, and Multi-objective Optimization",10.1007/s11665-025-12787-x,1,Exclude,No later-stage record,No stage record,Not recorded,Not recorded,No later-stage record,No stage record,No stage record,Excluded at title/abstract,Source decision or paired Exclude tags
P0424,Mechanistic Interpretability for AI Safety A Review,,1,Include,No later-stage record,No stage record,Not recorded,Not recorded,No later-stage record,No stage record,No stage record,Background only,Author background assignment; historical stage fields unchanged
P0425,Mechanistic Modeling of Architectural Vulnerability Factor,10.1145/2669364,1,Exclude,No later-stage record,No stage record,Not recorded,Not recorded,No later-stage record,No stage record,No stage record,Excluded at title/abstract,Source decision or paired Exclude tags
P0426,Mechanistic and data-driven agent-based models to explain human behavior in online networked group anagram games,10.1145/3341161.3342965,1,Exclude,No later-stage record,No stage record,Not recorded,Not recorded,No later-stage record,No stage record,No stage record,Excluded at title/abstract,Source decision or paired Exclude tags
P0427,Mechanistic dissection of cross-attention subspaces in text-to-image diffusion models,,1,Exclude,No later-stage record,No stage record,Not recorded,Not recorded,No later-stage record,No stage record,No stage record,Excluded at title/abstract,Source decision or paired Exclude tags
P0428,Mechanistic insights into RNA surveillance by the canonical poly(A) polymerase Pla1 of the MTREC complex,10.1038/s41467-023-36402-6,1,Exclude,No later-stage record,No stage record,Not recorded,Not recorded,No later-stage record,No stage record,No stage record,Excluded at title/abstract,Source decision or paired Exclude tags
P0429,Mechanistic insights into the potential of cyclodextrins as therapeutic excipients in Alzheimer‚Äôs disease: a systematic review and meta-analysis,10.1007/s10847-025-01321-0,1,Exclude,No later-stage record,No stage record,Not recorded,Not recorded,No later-stage record,No stage record,No stage record,Excluded at title/abstract,Source decision or paired Exclude tags
P0430,Mechanistic insights into the transcriptomic and metabolomic responses of Curcuma wenyujin under high phosphorus stress,10.1186/s12870-025-06132-6,1,Exclude,No later-stage record,No stage record,Not recorded,Not recorded,No later-stage record,No stage record,No stage record,Excluded at title/abstract,Source decision or paired Exclude tags
P0431,Mechanistic model demonstrates importance of autocrine IL-8 secretion by neutrophils,10.1145/3459930.3469500,1,Exclude,No later-stage record,No stage record,Not recorded,Not recorded,No later-stage record,No stage record,No stage record,Excluded at title/abstract,Source decision or paired Exclude tags
P0432,Mechanistic modelling of allergen-induced airways disease in early life,10.1038/s41598-024-83204-x,1,Exclude,No later-stage record,No stage record,Not recorded,Not recorded,No later-stage record,No stage record,No stage record,Excluded at title/abstract,Source decision or paired Exclude tags
P0433,Mechanistic pharmacokinetic models for inhaled drug development: pulmonary physiological and structural characteristics and modeling approaches,10.1007/s40005-025-00782-2,1,Exclude,No later-stage record,No stage record,Not recorded,Not recorded,No later-stage record,No stage record,No stage record,Excluded at title/abstract,Source decision or paired Exclude tags
P0434,Melody Generation from Lyrics with Local Interpretability,10.1145/3572031,2,Incomplete across source rows,No later-stage record,No stage record,Not recorded,Not recorded,No later-stage record,No stage record,No stage record,Excluded by author decision,Author exclusion; historical stage fields unchanged
P0435,Metacognitive Closure and Consciousness in Large Language Models,10.1609/aaaiss.v8i1.42569,1,Exclude,No later-stage record,No stage record,Not recorded,Not recorded,No later-stage record,No stage record,No stage record,Excluded at title/abstract,Source decision or paired Exclude tags
P0436,Mind the (persuasion) gap: contrasting predictions of intelligent DSS with user beliefs to improve interpretability,10.1145/3393672.3398491,1,Exclude,No later-stage record,No stage record,Not recorded,Not recorded,No later-stage record,No stage record,No stage record,Excluded at title/abstract,Source decision or paired Exclude tags
P0437,Model Plurality: A Taxonomy for Pluralistic AI,,1,Exclude,No later-stage record,No stage record,Not recorded,Not recorded,No later-stage record,No stage record,No stage record,Excluded at title/abstract,Source decision or paired Exclude tags
P0438,Model agnostic interpretability of rankers via intent modelling,10.1145/3351095.3375234,1,Exclude,No later-stage record,No stage record,Not recorded,Not recorded,No later-stage record,No stage record,No stage record,Excluded at title/abstract,Source decision or paired Exclude tags
P0439,Monitoring of Bioprocesses: Mechanistic and Data-Driven Approaches,10.1007/978-3-642-01888-6_3,1,Exclude,No later-stage record,No stage record,Not recorded,Not recorded,No later-stage record,No stage record,No stage record,Excluded at title/abstract,Source decision or paired Exclude tags
P0440,Motifs in Attention Patterns of Large Language Models,,1,Exclude,No later-stage record,No stage record,Not recorded,Not recorded,No later-stage record,No stage record,No stage record,Excluded at title/abstract,Source decision or paired Exclude tags
P0441,Multi-Objective Optimization of Performance and Interpretability of Tabular Supervised Machine Learning Models,10.1145/3583131.3590380,1,Exclude,No later-stage record,No stage record,Not recorded,Not recorded,No later-stage record,No stage record,No stage record,Excluded at title/abstract,Source decision or paired Exclude tags
P0442,Multiple Streams of Knowledge Retrieval: Enriching and Recalling in Transformers,,1,Exclude,No later-stage record,No stage record,Not recorded,Not recorded,No later-stage record,No stage record,No stage record,Excluded at title/abstract,Source decision or paired Exclude tags
P0443,Neurosymbolic AI and Mechanistic Interpretability: Can They Align in the Artificial General Intelligence Era?,,1,Not recorded,No later-stage record,No stage record,Not recorded,Not recorded,No later-stage record,No stage record,No stage record,Not included; closure not recorded,No completed later-stage disposition recorded
P0444,New Mechanistic Philosophy and the Scientific Prospects of Code Biology,10.1007/s12304-019-09360-0,1,Exclude,No later-stage record,No stage record,Not recorded,Not recorded,No later-stage record,No stage record,No stage record,Excluded at title/abstract,Source decision or paired Exclude tags
P0445,New mechanistic understanding of osteoclast differentiation and bone resorption mediated by P2X7 receptors and PI3K-Akt-GSK3β signaling,10.1186/s11658-024-00614-5,1,Exclude,No later-stage record,No stage record,Not recorded,Not recorded,No later-stage record,No stage record,No stage record,Excluded at title/abstract,Source decision or paired Exclude tags
P0446,On the interpretation and interpretability of quantitative structure‚Äìactivity relationship models,10.1007/s10822-008-9240-5,1,Exclude,No later-stage record,No stage record,Not recorded,Not recorded,No later-stage record,No stage record,No stage record,Excluded at title/abstract,Source decision or paired Exclude tags
P0447,Online Detection of Anomalies in Temporal Knowledge Graphs with Interpretability,10.1145/3698823,1,Exclude,No later-stage record,No stage record,Not recorded,Not recorded,No later-stage record,No stage record,No stage record,Excluded at title/abstract,Source decision or paired Exclude tags
P0448,Open Problems in Mechanistic Interpretability,,1,Include,No later-stage record,No stage record,Not recorded,Not recorded,No later-stage record,No stage record,No stage record,Background only,Author background assignment; historical stage fields unchanged
P0449,OpenMAIA: a Multimodal Automated Interpretability Agent based on open-source models,,1,Exclude,No later-stage record,No stage record,Not recorded,Not recorded,No later-stage record,No stage record,No stage record,Excluded at title/abstract,Source decision or paired Exclude tags
P0450,Opening the AI Black Box: Distilling Machine-Learned Algorithms into Code,10.3390/e26121046,1,Exclude,No later-stage record,No stage record,Not recorded,Not recorded,No later-stage record,No stage record,No stage record,Excluded at title/abstract,Source decision or paired Exclude tags
P0451,Orchestrating Human-AI Teams: The Manager Agent as aUnifying Research Challenge,10.1145/3772429.3772439,1,Exclude,No later-stage record,No stage record,Not recorded,Not recorded,No later-stage record,No stage record,No stage record,Excluded at title/abstract,Source decision or paired Exclude tags
P0452,Ordinal Embedding for Collaborative Filtering: A Unified Regularization for Enhanced Generalization and Interpretability,10.1145/3746252.3760992,1,Exclude,No later-stage record,No stage record,Not recorded,Not recorded,No later-stage record,No stage record,No stage record,Excluded at title/abstract,Source decision or paired Exclude tags
P0453,Ots-net: unlocking mechanistic interpretability in ECG arrhythmia classification,10.1007/s42452-025-08008-8,1,Exclude,No later-stage record,No stage record,Not recorded,Not recorded,No later-stage record,No stage record,No stage record,Excluded at title/abstract,Source decision or paired Exclude tags
P0454,Out-of-distribution generalization via composition: A lens through induction heads in Transformers,10.1073/pnas.2417182122,1,Exclude,No later-stage record,No stage record,Not recorded,Not recorded,No later-stage record,No stage record,No stage record,Excluded at title/abstract,Source decision or paired Exclude tags
P0455,PRINCE: Provider-side Interpretability with Counterfactual Explanations in Recommender Systems,10.1145/3336191.3371824,1,Exclude,No later-stage record,No stage record,Not recorded,Not recorded,No later-stage record,No stage record,No stage record,Excluded at title/abstract,Source decision or paired Exclude tags
P0456,Population approach for exposure-response modeling of golimumab in patients with rheumatoid arthritis,10.1177/0091270010372520,1,Exclude,No later-stage record,No stage record,Not recorded,Not recorded,No later-stage record,No stage record,No stage record,Excluded at title/abstract,Source decision or paired Exclude tags
P0457,Position: The Physics-Physical Reasoning Interplay is Key for Future Embodied World Models,,1,Exclude,No later-stage record,No stage record,Not recorded,Not recorded,No later-stage record,No stage record,No stage record,Excluded at title/abstract,Source decision or paired Exclude tags
P0458,Post-hoc Interpretability for Neural NLP: A Survey,10.1145/3546577,1,Exclude,No later-stage record,No stage record,Not recorded,Not recorded,No later-stage record,No stage record,No stage record,Excluded at title/abstract,Source decision or paired Exclude tags
P0459,Potential causal association and mechanistic insights of chronic HBV infection in extrahepatic cancer progression,10.1007/s12672-025-03724-4,1,Exclude,No later-stage record,No stage record,Not recorded,Not recorded,No later-stage record,No stage record,No stage record,Excluded at title/abstract,Source decision or paired Exclude tags
P0460,Prediction and mechanistic analysis of drug-induced liver injury (DILI) based on chemical structure,10.1186/s13062-020-00285-0,1,Exclude,No later-stage record,No stage record,Not recorded,Not recorded,No later-stage record,No stage record,No stage record,Excluded at title/abstract,Source decision or paired Exclude tags
P0461,Predictive Systems Toxicology,10.1007/978-1-4939-7899-1_25,1,Exclude,No later-stage record,No stage record,Not recorded,Not recorded,No later-stage record,No stage record,No stage record,Excluded at title/abstract,Source decision or paired Exclude tags
P0462,Predictive features of gene expression variation reveal mechanistic link with differential expression,10.15252/msb.20209539,1,Exclude,No later-stage record,No stage record,Not recorded,Not recorded,No later-stage record,No stage record,No stage record,Excluded at title/abstract,Source decision or paired Exclude tags
P0463,Predictive models in ecotoxicology: Bridging the gap between scientific progress and regulatory applicability-Remarks and research needs,10.1002/ieam.4136,1,Exclude,No later-stage record,No stage record,Not recorded,Not recorded,No later-stage record,No stage record,No stage record,Excluded at title/abstract,Source decision or paired Exclude tags
P0464,Predictive optimization of curcumin nanocomposites using hybrid machine learning and physics informed modeling,10.1038/s41598-025-28074-7,1,Exclude,No later-stage record,No stage record,Not recorded,Not recorded,No later-stage record,No stage record,No stage record,Excluded at title/abstract,Source decision or paired Exclude tags
P0465,Probing Numeracy and Logic of Language Models of Code,,1,Exclude,No later-stage record,No stage record,Not recorded,Not recorded,No later-stage record,No stage record,No stage record,Excluded at title/abstract,Source decision or paired Exclude tags
P0466,Progress measures for grokking via mechanistic interpretability,,1,Not recorded,No later-stage record,No stage record,Not recorded,Not recorded,No later-stage record,No stage record,No stage record,Not included; closure not recorded,No completed later-stage disposition recorded
P0467,ProtGPT2 is Not BioSecure by Default,,1,Exclude,No later-stage record,No stage record,Not recorded,Not recorded,No later-stage record,No stage record,No stage record,Excluded at title/abstract,Source decision or paired Exclude tags
P0468,Quantification of biological network perturbations for mechanistic insight and diagnostics using two-layer causal models,10.1186/1471-2105-15-238,1,Exclude,No later-stage record,No stage record,Not recorded,Not recorded,No later-stage record,No stage record,No stage record,Excluded at title/abstract,Source decision or paired Exclude tags
P0469,Quiet feature learning in algorithmic tasks,10.1609/aaai.v40i44.41111,1,Exclude,No later-stage record,No stage record,Not recorded,Not recorded,No later-stage record,No stage record,No stage record,Excluded at title/abstract,Source decision or paired Exclude tags
P0470,RECAST: Enabling User Recourse and Interpretability of Toxicity Detection Models with Interactive Visualization,10.1145/3449280,1,Exclude,No later-stage record,No stage record,Not recorded,Not recorded,No later-stage record,No stage record,No stage record,Excluded at title/abstract,Source decision or paired Exclude tags
P0471,Recent applications of liquid chromatography-based QSRR models for pharmaceutically relevant small molecules: A review,10.1016/j.xphs.2025.104047,1,Exclude,No later-stage record,No stage record,Not recorded,Not recorded,No later-stage record,No stage record,No stage record,Excluded at title/abstract,Source decision or paired Exclude tags
P0472,Regularity Constitution and the Location of Mechanistic Levels,10.1007/s10699-014-9371-1,1,Exclude,No later-stage record,No stage record,Not recorded,Not recorded,No later-stage record,No stage record,No stage record,Excluded at title/abstract,Source decision or paired Exclude tags
P0473,Reproducibility Companion Paper: Enhancing Model Interpretability with Local Attribution over Global Exploration,10.1145/3746027.3759203,1,Exclude,No later-stage record,No stage record,Not recorded,Not recorded,No later-stage record,No stage record,No stage record,Excluded at title/abstract,Source decision or paired Exclude tags
P0474,Research on Interpretability Charge Prediction Method based on Legal Provisions Incorporated,10.1145/3672919.3673016,1,Exclude,No later-stage record,No stage record,Not recorded,Not recorded,No later-stage record,No stage record,No stage record,Excluded at title/abstract,Source decision or paired Exclude tags
P0475,Research on Interpretability of SAR Image Component Recognition Based on Residual Attention Mechanism,10.1145/3443467.3443793,1,Exclude,No later-stage record,No stage record,Not recorded,Not recorded,No later-stage record,No stage record,No stage record,Excluded at title/abstract,Source decision or paired Exclude tags
P0476,Research on the Application of Mechanistic Mathematical Models Smart Control Systems for Wastewater Treatment Plants,10.1145/3746709.3746855,1,Exclude,No later-stage record,No stage record,Not recorded,Not recorded,No later-stage record,No stage record,No stage record,Excluded at title/abstract,Source decision or paired Exclude tags
P0477,Research on the Prediction of Employee Turnover Behavior and Its Interpretability,10.1145/3501409.3501547,1,Exclude,No later-stage record,No stage record,Not recorded,Not recorded,No later-stage record,No stage record,No stage record,Excluded at title/abstract,Source decision or paired Exclude tags
P0478,Research on the influence of interpretability of artificial intelligence recommendation system on users' behavior intention,10.1145/3443467.3443850,1,Exclude,No later-stage record,No stage record,Not recorded,Not recorded,No later-stage record,No stage record,No stage record,Excluded at title/abstract,Source decision or paired Exclude tags
P0479,Reverse Engineering a Stateful Reasoning Circuit,,1,Exclude,No later-stage record,No stage record,Not recorded,Not recorded,No later-stage record,No stage record,No stage record,Excluded at title/abstract,Source decision or paired Exclude tags
P0480,Reverse-Engineering the Retrieval Process in GenIR Models,10.1145/3726302.3730076,1,Exclude,No later-stage record,No stage record,Not recorded,Not recorded,No later-stage record,No stage record,No stage record,Excluded at title/abstract,Source decision or paired Exclude tags
P0481,Revolutionizing drug discovery: Integrating artificial intelligence with quantitative systems pharmacology,10.1016/j.drudis.2025.104448,1,Exclude,No later-stage record,No stage record,Not recorded,Not recorded,No later-stage record,No stage record,No stage record,Excluded at title/abstract,Source decision or paired Exclude tags
P0482,Reward Model Interpretability via Optimal and Pessimal Tokens,10.1145/3715275.3732068,1,Exclude,No later-stage record,No stage record,Not recorded,Not recorded,No later-stage record,No stage record,No stage record,Excluded at title/abstract,Source decision or paired Exclude tags
P0483,"Right looks, wrong reasons: Compositional fidelity in text-to-image generation",10.1609/aaai.v40i46.41337,1,Exclude,No later-stage record,No stage record,Not recorded,Not recorded,No later-stage record,No stage record,No stage record,Excluded at title/abstract,Source decision or paired Exclude tags
P0484,SAE-ception: Iteratively Using Sparse Autoencoders as a Training Signal,,1,Exclude,No later-stage record,No stage record,Not recorded,Not recorded,No later-stage record,No stage record,No stage record,Excluded at title/abstract,Source decision or paired Exclude tags
P0485,"SE Perspective on LLMs: Biases in Code Generation, Code Interpretability, and Code Security Risks",10.1145/3774324,1,Exclude,No later-stage record,No stage record,Not recorded,Not recorded,No later-stage record,No stage record,No stage record,Excluded at title/abstract,Source decision or paired Exclude tags
P0486,SEHG: Bridging Interpretability and Prediction in Self-Explainable Heterogeneous Graph Neural Networks,10.1145/3696410.3714661,1,Exclude,No later-stage record,No stage record,Not recorded,Not recorded,No later-stage record,No stage record,No stage record,Excluded at title/abstract,Source decision or paired Exclude tags
P0487,SMARTS-RX: a SMARTS-based representation of chemical functions for reactivity analysis,10.1186/s13321-025-01136-8,1,Exclude,No later-stage record,No stage record,Not recorded,Not recorded,No later-stage record,No stage record,No stage record,Excluded at title/abstract,Source decision or paired Exclude tags
P0488,Saxformer: A Time Series Forecasting Framework with Local Interpretability,10.1145/3674225.3674333,1,Not recorded,No later-stage record,No stage record,Not recorded,Not recorded,No later-stage record,No stage record,No stage record,Not included; closure not recorded,No completed later-stage disposition recorded
P0489,Scale Alone Does not Improve Mechanistic Interpretability in Vision Models,,1,Exclude,No later-stage record,No stage record,Not recorded,Not recorded,No later-stage record,No stage record,No stage record,Excluded at title/abstract,Source decision or paired Exclude tags
P0490,Self-destructing models: Increasing the costs of harmful dual uses of foundation models,10.1145/3600211.3604690,1,Exclude,No later-stage record,No stage record,Not recorded,Not recorded,No later-stage record,No stage record,No stage record,Excluded at title/abstract,Source decision or paired Exclude tags
P0491,Self-sustaining Software Systems (S4): Towards Improved Interpretability and Adaptation,10.1145/3643657.3643910,1,Exclude,No later-stage record,No stage record,Not recorded,Not recorded,No later-stage record,No stage record,No stage record,Excluded at title/abstract,Source decision or paired Exclude tags
P0492,Semi-Mechanistic Model for Neutropenia after High Dose of Chemotherapy in Breast Cancer Patients,10.1007/s11095-009-9910-6,1,Exclude,No later-stage record,No stage record,Not recorded,Not recorded,No later-stage record,No stage record,No stage record,Excluded at title/abstract,Source decision or paired Exclude tags
P0493,"Semi-mechanistic population pharmacokinetic modeling of DZIF-10c, a neutralizing antibody against SARS-Cov-2: predicting systemic and lung exposure following inhaled and intravenous administration",10.1007/s10928-024-09947-2,1,Exclude,No later-stage record,No stage record,Not recorded,Not recorded,No later-stage record,No stage record,No stage record,Excluded at title/abstract,Source decision or paired Exclude tags
P0494,"Session details: Session 2: Fairness, Privacy, Interpretability",10.1145/3429733,1,Not recorded,No later-stage record,No stage record,Not recorded,Not recorded,No later-stage record,No stage record,No stage record,Not included; closure not recorded,No completed later-stage disposition recorded
P0495,"Sex, age, and species differences of perfluorooctanoic acid modeled by flow- versus permeability-limited physiologically-based pharmacokinetic models",10.1016/j.tox.2024.153806,1,Exclude,No later-stage record,No stage record,Not recorded,Not recorded,No later-stage record,No stage record,No stage record,Excluded at title/abstract,Source decision or paired Exclude tags
P0496,Short-Term Power Prediction Method for Wind Farms Based on Feature Selection and Power Characteristic Guidance,10.1109/powercon66300.2025.11295614,1,Exclude,No later-stage record,No stage record,Not recorded,Not recorded,No later-stage record,No stage record,No stage record,Excluded at title/abstract,Source decision or paired Exclude tags
P0497,Signal in the Noise: Polysemantic Interference Transfers and Predicts Cross-Model Influence,,1,Exclude,No later-stage record,No stage record,Not recorded,Not recorded,No later-stage record,No stage record,No stage record,Excluded at title/abstract,Source decision or paired Exclude tags
P0498,"Simplicity creates inequity: implications for fairness, stereotypes, and interpretability",10.1145/3328526.3329621,1,Exclude,No later-stage record,No stage record,Not recorded,Not recorded,No later-stage record,No stage record,No stage record,Excluded at title/abstract,Source decision or paired Exclude tags
P0499,"Simplicity creates inequity: implications for fairness, stereotypes, and interpretability (invited paper)",10.1145/3406325.3465356,1,Exclude,No later-stage record,No stage record,Not recorded,Not recorded,No later-stage record,No stage record,No stage record,Excluded at title/abstract,Source decision or paired Exclude tags
P0500,Skill path: Unveiling language skills from circuit graphs,,1,Exclude,No later-stage record,No stage record,Not recorded,Not recorded,No later-stage record,No stage record,No stage record,Excluded at title/abstract,Source decision or paired Exclude tags
P0501,Some Shades of Grey!: Interpretability and Explainability of Deep Neural Networks,10.1145/3326459.3329167,1,Exclude,No later-stage record,No stage record,Not recorded,Not recorded,No later-stage record,No stage record,No stage record,Excluded at title/abstract,Source decision or paired Exclude tags
P0502,Sometimes I am a Tree: Data Drives Unstable Hierarchical Generalization,,1,Exclude,No later-stage record,No stage record,Not recorded,Not recorded,No later-stage record,No stage record,No stage record,Excluded at title/abstract,Source decision or paired Exclude tags
P0503,Sparsity and Superposition in Mixture of Experts,,1,Exclude,No later-stage record,No stage record,Not recorded,Not recorded,No later-stage record,No stage record,No stage record,Excluded at title/abstract,Source decision or paired Exclude tags
P0504,Stitching Sparse Autoencoders of Different Sizes,,1,Exclude,No later-stage record,No stage record,Not recorded,Not recorded,No later-stage record,No stage record,No stage record,Excluded at title/abstract,Source decision or paired Exclude tags
P0505,Structural and mechanistic insight into Holliday-junction dissolution by Topoisomerase IIIŒ± and RMI1,10.1038/nsmb.2775,1,Exclude,No later-stage record,No stage record,Not recorded,Not recorded,No later-stage record,No stage record,No stage record,Excluded at title/abstract,Source decision or paired Exclude tags
P0506,Structure Matters: Deciphering Neural Network’s Properties from its Structure,,1,Exclude,No later-stage record,No stage record,Not recorded,Not recorded,No later-stage record,No stage record,No stage record,Excluded at title/abstract,Source decision or paired Exclude tags
P0507,Structure-activity relationship study of trifluoromethylketones: inhibitors of insect juvenile hormone esterase,10.1080/1062936x.2013.792499,1,Exclude,No later-stage record,No stage record,Not recorded,Not recorded,No later-stage record,No stage record,No stage record,Excluded at title/abstract,Source decision or paired Exclude tags
P0508,Study of Distractors in Neural Models of Code,,1,Exclude,No later-stage record,No stage record,Not recorded,Not recorded,No later-stage record,No stage record,No stage record,Excluded at title/abstract,Source decision or paired Exclude tags
P0509,Symbolic Policy Distillation for Interpretable Reinforcement Learning,,1,Exclude,No later-stage record,No stage record,Not recorded,Not recorded,No later-stage record,No stage record,No stage record,Excluded at title/abstract,Source decision or paired Exclude tags
P0510,Symbolic Regression: A Pathway to Interpretability Towards Automated Scientific Discovery,10.1145/3637528.3671464,1,Exclude,No later-stage record,No stage record,Not recorded,Not recorded,No later-stage record,No stage record,No stage record,Excluded at title/abstract,Source decision or paired Exclude tags
P0511,TMS in Schizophrenia: Potential Mechanistic Insights via Resting-State Network Analyses,10.1007/s40473-023-00260-9,1,Exclude,No later-stage record,No stage record,Not recorded,Not recorded,No later-stage record,No stage record,No stage record,Excluded at title/abstract,Source decision or paired Exclude tags
P0512,TaPERA: Enhancing Faithfulness and Interpretability in Long-Form Table QA by Content Planning and Execution-based Reasoning,,1,Not recorded,No later-stage record,No stage record,Not recorded,Not recorded,No later-stage record,No stage record,No stage record,Not included; closure not recorded,No completed later-stage disposition recorded
P0513,Tackling Interpretability in Audio Classification Networks With Non-negative Matrix Factorization,10.1109/taslp.2024.3358049,1,Exclude,No later-stage record,No stage record,Not recorded,Not recorded,No later-stage record,No stage record,No stage record,Excluded at title/abstract,Source decision or paired Exclude tags
P0514,Tackling the Accuracy-Interpretability Trade-off: Interpretable Deep Learning Models for Satellite Image-based Real Estate Appraisal,10.1145/3567430,1,Exclude,No later-stage record,No stage record,Not recorded,Not recorded,No later-stage record,No stage record,No stage record,Excluded at title/abstract,Source decision or paired Exclude tags
P0515,The Mechanistic Study of Parkinson's Disease Subtypes Based on Deep Learning,10.1145/3747912.3747947,1,Exclude,No later-stage record,No stage record,Not recorded,Not recorded,No later-stage record,No stage record,No stage record,Excluded at title/abstract,Source decision or paired Exclude tags
P0516,The POLAR Framework: Polar Opposites Enable Interpretability of Pre-Trained Word Embeddings,10.1145/3366423.3380227,1,Not recorded,No later-stage record,No stage record,Not recorded,Not recorded,No later-stage record,No stage record,No stage record,Excluded by author decision,Author exclusion; historical stage fields unchanged
P0517,The case for model-driven interpretability of delay-based congestion control protocols,10.1145/3457175.3457179,1,Exclude,No later-stage record,No stage record,Not recorded,Not recorded,No later-stage record,No stage record,No stage record,Excluded at title/abstract,Source decision or paired Exclude tags
P0518,The importance of interpretability and visualization in machine learning for applications in medicine and health care,10.1007/s00521-019-04051-w,1,Exclude,No later-stage record,No stage record,Not recorded,Not recorded,No later-stage record,No stage record,No stage record,Excluded at title/abstract,Source decision or paired Exclude tags
P0519,The mythos of model interpretability,10.1145/3233231,1,Exclude,No later-stage record,No stage record,Not recorded,Not recorded,No later-stage record,No stage record,No stage record,Excluded at title/abstract,Source decision or paired Exclude tags
P0520,"The power of summarization in graph mining and learning: smaller data, faster methods, more interpretability",10.14778/3484224.3484238,1,Exclude,No later-stage record,No stage record,Not recorded,Not recorded,No later-stage record,No stage record,No stage record,Excluded at title/abstract,Source decision or paired Exclude tags
P0521,"The proteomic code: Novel amino acid residue pairing models ""encode"" protein folding and protein-protein interactions",10.1016/j.compbiomed.2025.110033,1,Exclude,No later-stage record,No stage record,Not recorded,Not recorded,No later-stage record,No stage record,No stage record,Excluded at title/abstract,Source decision or paired Exclude tags
P0522,Tide: Temporal-aware sparse autoencoders for interpretable diffusion transformers in image generation,,1,Exclude,No later-stage record,No stage record,Not recorded,Not recorded,No later-stage record,No stage record,No stage record,Excluded at title/abstract,Source decision or paired Exclude tags
P0523,Time-varying stimuli that prolong IKK activation promote nuclear remodeling and mechanistic switching of NF-Œ∫B dynamics,10.1038/s41467-025-62837-0,1,Exclude,No later-stage record,No stage record,Not recorded,Not recorded,No later-stage record,No stage record,No stage record,Excluded at title/abstract,Source decision or paired Exclude tags
P0524,Token Entanglement in Subliminal Learning,,1,Exclude,No later-stage record,No stage record,Not recorded,Not recorded,No later-stage record,No stage record,No stage record,Excluded at title/abstract,Source decision or paired Exclude tags
P0525,Tokenized and continuous embedding compressions of protein sequence and structure,10.1016/j.patter.2025.101289,1,Exclude,No later-stage record,No stage record,Not recorded,Not recorded,No later-stage record,No stage record,No stage record,Excluded at title/abstract,Source decision or paired Exclude tags
P0526,Topological Interpretability for Deep Learning,10.1145/3659914.3659935,1,Exclude,No later-stage record,No stage record,Not recorded,Not recorded,No later-stage record,No stage record,No stage record,Excluded at title/abstract,Source decision or paired Exclude tags
P0527,Towards Best Practices of Axiomatic Activation Patching in Information Retrieval,10.1145/3726302.3730256,1,Exclude,No later-stage record,No stage record,Not recorded,Not recorded,No later-stage record,No stage record,No stage record,Excluded at title/abstract,Source decision or paired Exclude tags
P0528,Towards Determining How Deep Neural Models Learn to Reason,,1,Exclude,No later-stage record,No stage record,Not recorded,Not recorded,No later-stage record,No stage record,No stage record,Excluded at title/abstract,Source decision or paired Exclude tags
P0529,Towards Global-level Mechanistic Interpretability: A Perspective of Modular Circuits of Large Language Models,,1,Exclude,No later-stage record,No stage record,Not recorded,Not recorded,No later-stage record,No stage record,No stage record,Excluded at title/abstract,Source decision or paired Exclude tags
P0530,Towards Vision-Language Mechanistic Interpretability: A Causal Tracing Tool for BLIP,,1,Exclude,No later-stage record,No stage record,Not recorded,Not recorded,No later-stage record,No stage record,No stage record,Excluded at title/abstract,Source decision or paired Exclude tags
P0531,Towards trustworthy multimodal AI systems,,1,Exclude,No later-stage record,No stage record,Not recorded,Not recorded,No later-stage record,No stage record,No stage record,Excluded at title/abstract,Source decision or paired Exclude tags
P0532,TraceFL: Interpretability-Driven Debugging in Federated Learning via Neuron Provenance,10.1109/icse55347.2025.00128,1,Exclude,No later-stage record,No stage record,Not recorded,Not recorded,No later-stage record,No stage record,No stage record,Excluded at title/abstract,Source decision or paired Exclude tags
P0533,Tracing Positional Bias in Financial Decision-Making: Mechanistic Insights from Qwen2.5,10.1145/3768292.3770394,2,Exclude,No later-stage record,No stage record,Not recorded,Not recorded,No later-stage record,No stage record,No stage record,Excluded at title/abstract,Source decision or paired Exclude tags
P0534,Trading Interpretability for Accuracy: Oblique Treed Sparse Additive Models,10.1145/2783258.2783407,1,Exclude,No later-stage record,No stage record,Not recorded,Not recorded,No later-stage record,No stage record,No stage record,Excluded at title/abstract,Source decision or paired Exclude tags
P0535,Transparency in practice: using visualization to enhance the interpretability of open data,10.1145/3085228.3085294,1,Exclude,No later-stage record,No stage record,Not recorded,Not recorded,No later-stage record,No stage record,No stage record,Excluded at title/abstract,Source decision or paired Exclude tags
P0536,"Trustworthy Machine Learning: Robustness, Generalization, and Interpretability",10.1145/3580305.3599574,1,Exclude,No later-stage record,No stage record,Not recorded,Not recorded,No later-stage record,No stage record,No stage record,Excluded at title/abstract,Source decision or paired Exclude tags
P0537,Tumor mutational burden modulates the prognostic effect of RAS mutations in metastatic colon cancer: mechanistic insights and genotype-phenotype correlations,10.1186/s12967-025-07273-w,1,Exclude,No later-stage record,No stage record,Not recorded,Not recorded,No later-stage record,No stage record,No stage record,Excluded at title/abstract,Source decision or paired Exclude tags
P0538,Unraveling the influence of training data and internal structures in large language models for enhanced explainability (student abstract),,1,Exclude,No later-stage record,No stage record,Not recorded,Not recorded,No later-stage record,No stage record,No stage record,Excluded at title/abstract,Source decision or paired Exclude tags
P0539,Unveiling AI safety in fine-tuning quantized model,,1,Exclude,No later-stage record,No stage record,Not recorded,Not recorded,No later-stage record,No stage record,No stage record,Excluded at title/abstract,Source decision or paired Exclude tags
P0540,Using SHAP to Measure Interpretability of Neuronal Feature Visualization,10.1145/3615522.3615552,1,Exclude,No later-stage record,No stage record,Not recorded,Not recorded,No later-stage record,No stage record,No stage record,Excluded at title/abstract,Source decision or paired Exclude tags
P0541,Wavelet-Based Mechanistic Interpretability of Vision Transformers via Frequency-Aware Ablations,10.1109/cvprw67362.2025.00472,1,Exclude,No later-stage record,No stage record,Not recorded,Not recorded,No later-stage record,No stage record,No stage record,Excluded at title/abstract,Source decision or paired Exclude tags
P0542,What Do You See?: Evaluation of Explainable Artificial Intelligence (XAI) Interpretability through Neural Backdoors,10.1145/3447548.3467213,1,Exclude,No later-stage record,No stage record,Not recorded,Not recorded,No later-stage record,No stage record,No stage record,Excluded at title/abstract,Source decision or paired Exclude tags
P0543,What's your Use Case? A Taxonomy of Causal Evaluations of Post-hoc Interpretability,,1,Exclude,No later-stage record,No stage record,Not recorded,Not recorded,No later-stage record,No stage record,No stage record,Excluded at title/abstract,Source decision or paired Exclude tags
P0544,When Interpretability Meets Generalization: Delta-GAM for Robust Extrapolation in Out-of-Distribution Settings,10.1145/3711896.3737180,1,Exclude,No later-stage record,No stage record,Not recorded,Not recorded,No later-stage record,No stage record,No stage record,Excluded at title/abstract,Source decision or paired Exclude tags
P0545,"Why AI Is WEIRD and shouldn't be this way: towards AI for everyone, with everyone, by everyone",10.1609/aaai.v39i27.35092,1,Exclude,No later-stage record,No stage record,Not recorded,Not recorded,No later-stage record,No stage record,No stage record,Excluded at title/abstract,Source decision or paired Exclude tags
P0546,Workshop On Large Language Models' Interpretability and Trustworthiness (LLMIT),10.1145/3583780.3615311,1,Exclude,No later-stage record,No stage record,Not recorded,Not recorded,No later-stage record,No stage record,No stage record,Excluded at title/abstract,Source decision or paired Exclude tags
P0547,eXplainable AI Interfaces With (and for) Expert Operators: A Participatory Design Approach,10.1145/3726986.3727020,1,Exclude,No later-stage record,No stage record,Not recorded,Not recorded,No later-stage record,No stage record,No stage record,Excluded at title/abstract,Source decision or paired Exclude tags
P0557,Cracking the clinical code: a scoping review on mechanistic interpretability in medical report generation,,2,Not recorded,No later-stage record,No stage record,Not recorded,Not recorded,No later-stage record,No stage record,No stage record,Not included; closure not recorded,No completed later-stage disposition recorded
P0560,Towards Ethical Multi-Agent Systems of Large Language Models: A Mechanistic Interpretability Perspective,,1,Not recorded,No later-stage record,No stage record,Not recorded,Not recorded,No later-stage record,No stage record,No stage record,Not included; closure not recorded,No completed later-stage disposition recorded
Rb18a33848c,Formulation Strategy of BCS-II Drugs by Coupling Mechanistic <i>In-Vitro</i> and Nonclinical <i>In-Vivo</i> Data with PBPK: Fundamentals of Absorption-Dissolution to Parameterization of Modelling and Simulation,10.1208/s12249-025-03093-9,1,Not recorded,Reached full-text-stage record set,Stage log,Maybe-papers (Step 3)!row139: prior_R1=Maybe; prior_R2=Exclude; review1=Exclude; review2=Not recorded,Exclude,Excluded at full text,No stage record,No stage record,Excluded at full text,Recorded full-text Exclude
